path	source	license	sha256
wavpack-test-suite-2.0/test_suite/readme.txt	https://www.rarewares.org/wavpack/test_suite.zip#test_suite/readme.txt	Official WavPack decoder test suite 2.0; verification use; no SPDX license stated	599d760c209567edf75e5d15c5403bde1cf24eedf4d20fa8aef5ef1eb349d291
wavpack-test-suite-2.0/test_suite/bit_depths/12bit.wv	https://www.rarewares.org/wavpack/test_suite.zip#test_suite/bit_depths/12bit.wv	Official WavPack decoder test suite 2.0; verification use; no SPDX license stated	edb6709abb6c8c74aac08292a0b40b8a55a02d77e4a61bc4d442ba9f3d3a72e9
wavpack-test-suite-2.0/test_suite/bit_depths/16bit.wv	https://www.rarewares.org/wavpack/test_suite.zip#test_suite/bit_depths/16bit.wv	Official WavPack decoder test suite 2.0; verification use; no SPDX license stated	2aa0f100c4c531d82e6d497e1498bcb7da9c1fd2e3839a481716acb98966fe8b
wavpack-test-suite-2.0/test_suite/bit_depths/1bit_dsd.wv	https://www.rarewares.org/wavpack/test_suite.zip#test_suite/bit_depths/1bit_dsd.wv	Official WavPack decoder test suite 2.0; verification use; no SPDX license stated	df3585c999c7a3e668c917a9c75c4c1ea8fd7410ce98ac756ce8f9a4124c5d0b
wavpack-test-suite-2.0/test_suite/bit_depths/20bit.wv	https://www.rarewares.org/wavpack/test_suite.zip#test_suite/bit_depths/20bit.wv	Official WavPack decoder test suite 2.0; verification use; no SPDX license stated	bb188b1bf3689634b9c2cce66ac45612af9988ef9b8f82bc56cef120d0552f40
wavpack-test-suite-2.0/test_suite/bit_depths/24bit.wv	https://www.rarewares.org/wavpack/test_suite.zip#test_suite/bit_depths/24bit.wv	Official WavPack decoder test suite 2.0; verification use; no SPDX license stated	fd886796370e82f469a3a200e24d5e435c5e4ec5f9eb931c3cb56b0de6976ae6
wavpack-test-suite-2.0/test_suite/bit_depths/32bit_float.wv	https://www.rarewares.org/wavpack/test_suite.zip#test_suite/bit_depths/32bit_float.wv	Official WavPack decoder test suite 2.0; verification use; no SPDX license stated	cf1d6dd4dbc4e00fa17409dfd977243560cd7322e99bb6db53c18f5cf1bfdb95
wavpack-test-suite-2.0/test_suite/bit_depths/32bit_int.wv	https://www.rarewares.org/wavpack/test_suite.zip#test_suite/bit_depths/32bit_int.wv	Official WavPack decoder test suite 2.0; verification use; no SPDX license stated	0bcd630327f76d19c3b84a3f132e669582824caf3be2c35e588591b866f1fa5e
wavpack-test-suite-2.0/test_suite/bit_depths/8bit.wv	https://www.rarewares.org/wavpack/test_suite.zip#test_suite/bit_depths/8bit.wv	Official WavPack decoder test suite 2.0; verification use; no SPDX license stated	0882354dd7d6a71663faf382934479ef15dedc9baa74124417ee621ec395fdbc
wavpack-test-suite-2.0/test_suite/bit_depths/readme.txt	https://www.rarewares.org/wavpack/test_suite.zip#test_suite/bit_depths/readme.txt	Official WavPack decoder test suite 2.0; verification use; no SPDX license stated	44b86ac092af30a938b767e6872614d73e5abcdff9523b7d714c407582cb06dd
wavpack-test-suite-2.0/test_suite/corruption/bad_checksums.wv	https://www.rarewares.org/wavpack/test_suite.zip#test_suite/corruption/bad_checksums.wv	Official WavPack decoder test suite 2.0; verification use; no SPDX license stated	c9d7571e70c5c44370d1ee7c386ab6a106bca596d66ddcf162c652532001da23
wavpack-test-suite-2.0/test_suite/corruption/dsd_corrupt.wv	https://www.rarewares.org/wavpack/test_suite.zip#test_suite/corruption/dsd_corrupt.wv	Official WavPack decoder test suite 2.0; verification use; no SPDX license stated	ea7e828f45ccc80ea1584394777925546de6bee03eb20a738955b7f0f75e259f
wavpack-test-suite-2.0/test_suite/corruption/hybrid_corrupt.wv	https://www.rarewares.org/wavpack/test_suite.zip#test_suite/corruption/hybrid_corrupt.wv	Official WavPack decoder test suite 2.0; verification use; no SPDX license stated	db282e8d4a9b4a28bb909932b744f24e3497cb221b0986b4cd0fea727fbf4ea9
wavpack-test-suite-2.0/test_suite/corruption/hybrid_corrupt.wvc	https://www.rarewares.org/wavpack/test_suite.zip#test_suite/corruption/hybrid_corrupt.wvc	Official WavPack decoder test suite 2.0; verification use; no SPDX license stated	9efce3dd829df663147115e25cbc9ea1c64c0c1f558ef7ce38d315b92cb4bf9c
wavpack-test-suite-2.0/test_suite/corruption/lossless_corrupt.wv	https://www.rarewares.org/wavpack/test_suite.zip#test_suite/corruption/lossless_corrupt.wv	Official WavPack decoder test suite 2.0; verification use; no SPDX license stated	7ba1b1f3ca051b2eec47dfa0aa3f1e10d8c1a583cc3881d4e24baa745fdef0bd
wavpack-test-suite-2.0/test_suite/corruption/readme.txt	https://www.rarewares.org/wavpack/test_suite.zip#test_suite/corruption/readme.txt	Official WavPack decoder test suite 2.0; verification use; no SPDX license stated	94684754cfa0410209f75df754be2b17158eac4f97caa5d4ab099add60422743
wavpack-test-suite-2.0/test_suite/hybrid_bitrates/1024kbps.wv	https://www.rarewares.org/wavpack/test_suite.zip#test_suite/hybrid_bitrates/1024kbps.wv	Official WavPack decoder test suite 2.0; verification use; no SPDX license stated	56aedef7836270be185794228b463df9421ecca75f5676c154e57a440855cb88
wavpack-test-suite-2.0/test_suite/hybrid_bitrates/128kbps.wv	https://www.rarewares.org/wavpack/test_suite.zip#test_suite/hybrid_bitrates/128kbps.wv	Official WavPack decoder test suite 2.0; verification use; no SPDX license stated	535e4646bb42460ee2416257f7938f5244a00fc3cd09d3ad2a6d81800b8518f0
wavpack-test-suite-2.0/test_suite/hybrid_bitrates/160kbps.wv	https://www.rarewares.org/wavpack/test_suite.zip#test_suite/hybrid_bitrates/160kbps.wv	Official WavPack decoder test suite 2.0; verification use; no SPDX license stated	760dfa94c2b027ac35fce9cab077363c576ec2b708d058e722e6813a362a1470
wavpack-test-suite-2.0/test_suite/hybrid_bitrates/24kbps.wv	https://www.rarewares.org/wavpack/test_suite.zip#test_suite/hybrid_bitrates/24kbps.wv	Official WavPack decoder test suite 2.0; verification use; no SPDX license stated	87f0150c2640ace27d547d54a60d87e59a6e20fe5545e7467f35befdd9de88dd
wavpack-test-suite-2.0/test_suite/hybrid_bitrates/256kbps.wv	https://www.rarewares.org/wavpack/test_suite.zip#test_suite/hybrid_bitrates/256kbps.wv	Official WavPack decoder test suite 2.0; verification use; no SPDX license stated	f474be359f89e069e1ad098c99d26c2b50ad3c71efda0792fae087de7f54dab9
wavpack-test-suite-2.0/test_suite/hybrid_bitrates/320kbps.wv	https://www.rarewares.org/wavpack/test_suite.zip#test_suite/hybrid_bitrates/320kbps.wv	Official WavPack decoder test suite 2.0; verification use; no SPDX license stated	536ae4f52408fb32d127910ae3644248c3ec71ca0e397813813ecb8a65c089c4
wavpack-test-suite-2.0/test_suite/hybrid_bitrates/32kbps.wv	https://www.rarewares.org/wavpack/test_suite.zip#test_suite/hybrid_bitrates/32kbps.wv	Official WavPack decoder test suite 2.0; verification use; no SPDX license stated	ad08992f69ef09b85e26a2aa7ec768083edf9e787c575b37cfac83a1adaee1f5
wavpack-test-suite-2.0/test_suite/hybrid_bitrates/384kbps.wv	https://www.rarewares.org/wavpack/test_suite.zip#test_suite/hybrid_bitrates/384kbps.wv	Official WavPack decoder test suite 2.0; verification use; no SPDX license stated	43fd3072745bf11bccd0a43eccea1f0a00a2f86103f2a483a2e4652c99abe687
wavpack-test-suite-2.0/test_suite/hybrid_bitrates/48kbps.wv	https://www.rarewares.org/wavpack/test_suite.zip#test_suite/hybrid_bitrates/48kbps.wv	Official WavPack decoder test suite 2.0; verification use; no SPDX license stated	30a2892c3c1fddad2fa64074e5b463a043a6e4b3abb53bcc9ec3ef78f8ef32fe
wavpack-test-suite-2.0/test_suite/hybrid_bitrates/512kbps.wv	https://www.rarewares.org/wavpack/test_suite.zip#test_suite/hybrid_bitrates/512kbps.wv	Official WavPack decoder test suite 2.0; verification use; no SPDX license stated	ee1192e422adebbcc98b5349c870387eea6270448cba78178d507e9182a1f0e5
wavpack-test-suite-2.0/test_suite/hybrid_bitrates/64kbps.wv	https://www.rarewares.org/wavpack/test_suite.zip#test_suite/hybrid_bitrates/64kbps.wv	Official WavPack decoder test suite 2.0; verification use; no SPDX license stated	4855a3cdbbacc5a25a41eff5f6cab7243f3e4971d045e90cf782bc1f0a1b8874
wavpack-test-suite-2.0/test_suite/hybrid_bitrates/readme.txt	https://www.rarewares.org/wavpack/test_suite.zip#test_suite/hybrid_bitrates/readme.txt	Official WavPack decoder test suite 2.0; verification use; no SPDX license stated	1a03e5ff65581ff882e409f31b28727764fbf9c88737b13e2bae0b8424b6cfff
wavpack-test-suite-2.0/test_suite/hybrid_bitrates/wvc_files/1024kbps.wvc	https://www.rarewares.org/wavpack/test_suite.zip#test_suite/hybrid_bitrates/wvc_files/1024kbps.wvc	Official WavPack decoder test suite 2.0; verification use; no SPDX license stated	e3b5e8c78edaa4792f47d888474f2362501c3709fdbc4988d863584958b8fe74
wavpack-test-suite-2.0/test_suite/hybrid_bitrates/wvc_files/128kbps.wvc	https://www.rarewares.org/wavpack/test_suite.zip#test_suite/hybrid_bitrates/wvc_files/128kbps.wvc	Official WavPack decoder test suite 2.0; verification use; no SPDX license stated	d7a197c6e4cb2c0b1e258c113288f31ddfe08f870a6847a693215c1d7d2851dc
wavpack-test-suite-2.0/test_suite/hybrid_bitrates/wvc_files/160kbps.wvc	https://www.rarewares.org/wavpack/test_suite.zip#test_suite/hybrid_bitrates/wvc_files/160kbps.wvc	Official WavPack decoder test suite 2.0; verification use; no SPDX license stated	1b11dee9492610400034a47eb04e2cf232bad3640c25f45ccf66b09c867ad976
wavpack-test-suite-2.0/test_suite/hybrid_bitrates/wvc_files/24kbps.wvc	https://www.rarewares.org/wavpack/test_suite.zip#test_suite/hybrid_bitrates/wvc_files/24kbps.wvc	Official WavPack decoder test suite 2.0; verification use; no SPDX license stated	38daed9bfd2981e3d05a520db0a982a47fedd98abdefd4a8474e932a91382ed7
wavpack-test-suite-2.0/test_suite/hybrid_bitrates/wvc_files/256kbps.wvc	https://www.rarewares.org/wavpack/test_suite.zip#test_suite/hybrid_bitrates/wvc_files/256kbps.wvc	Official WavPack decoder test suite 2.0; verification use; no SPDX license stated	092bf0dece6aa27e0776a6729d528c59243406e2f9cee3d3e58120202b2bcf05
wavpack-test-suite-2.0/test_suite/hybrid_bitrates/wvc_files/320kbps.wvc	https://www.rarewares.org/wavpack/test_suite.zip#test_suite/hybrid_bitrates/wvc_files/320kbps.wvc	Official WavPack decoder test suite 2.0; verification use; no SPDX license stated	49e3ea16155f34bd807b5a1f717e57cb6f19462d162d3cff164b5da96a98c4f2
wavpack-test-suite-2.0/test_suite/hybrid_bitrates/wvc_files/32kbps.wvc	https://www.rarewares.org/wavpack/test_suite.zip#test_suite/hybrid_bitrates/wvc_files/32kbps.wvc	Official WavPack decoder test suite 2.0; verification use; no SPDX license stated	f794b95dec08f003fccb5f708d299c026fc3b5e1a00e8f85e3202f4522ad689d
wavpack-test-suite-2.0/test_suite/hybrid_bitrates/wvc_files/384kbps.wvc	https://www.rarewares.org/wavpack/test_suite.zip#test_suite/hybrid_bitrates/wvc_files/384kbps.wvc	Official WavPack decoder test suite 2.0; verification use; no SPDX license stated	b043ead26dcc0bd6776f53900730d2ad2d427e5d16c2dc2c3d5e0eeaab6c2e91
wavpack-test-suite-2.0/test_suite/hybrid_bitrates/wvc_files/48kbps.wvc	https://www.rarewares.org/wavpack/test_suite.zip#test_suite/hybrid_bitrates/wvc_files/48kbps.wvc	Official WavPack decoder test suite 2.0; verification use; no SPDX license stated	953ba8e03e04336e47069c0199f3cdea59a4abd342018f08469525bf4dd7729b
wavpack-test-suite-2.0/test_suite/hybrid_bitrates/wvc_files/512kbps.wvc	https://www.rarewares.org/wavpack/test_suite.zip#test_suite/hybrid_bitrates/wvc_files/512kbps.wvc	Official WavPack decoder test suite 2.0; verification use; no SPDX license stated	d185e414661cf9abe06b166d268e80b6706525c1832f89e076955510f442381c
wavpack-test-suite-2.0/test_suite/hybrid_bitrates/wvc_files/64kbps.wvc	https://www.rarewares.org/wavpack/test_suite.zip#test_suite/hybrid_bitrates/wvc_files/64kbps.wvc	Official WavPack decoder test suite 2.0; verification use; no SPDX license stated	6c5a178035f848e9df532e428e0abf71c79adf088b15b016f3a00626f74779e6
wavpack-test-suite-2.0/test_suite/legacy/readme.txt	https://www.rarewares.org/wavpack/test_suite.zip#test_suite/legacy/readme.txt	Official WavPack decoder test suite 2.0; verification use; no SPDX license stated	5971599894ab5ae9e310ac3d59f986c60177d91478c1fd48c24f728a1fce499b
wavpack-test-suite-2.0/test_suite/legacy/vers-10.wv	https://www.rarewares.org/wavpack/test_suite.zip#test_suite/legacy/vers-10.wv	Official WavPack decoder test suite 2.0; verification use; no SPDX license stated	15189ee0382c0fa7b66020a84d7a068874aadb4d03e2702a7beb61bab30d88c1
wavpack-test-suite-2.0/test_suite/legacy/vers-20-lossy.wv	https://www.rarewares.org/wavpack/test_suite.zip#test_suite/legacy/vers-20-lossy.wv	Official WavPack decoder test suite 2.0; verification use; no SPDX license stated	c6e6dde2975045b7da442e5ede5bd2795d514ba75f23dbedead5329f7fd82724
wavpack-test-suite-2.0/test_suite/legacy/vers-20.wv	https://www.rarewares.org/wavpack/test_suite.zip#test_suite/legacy/vers-20.wv	Official WavPack decoder test suite 2.0; verification use; no SPDX license stated	f097c6040672ad4d7fbeb44c2877112a3a5be7321b46b37f227b8b7e82173d0b
wavpack-test-suite-2.0/test_suite/legacy/vers-30-fast.wv	https://www.rarewares.org/wavpack/test_suite.zip#test_suite/legacy/vers-30-fast.wv	Official WavPack decoder test suite 2.0; verification use; no SPDX license stated	9bba94fe2c603101f10b5e31b6d498323899b8d7008793315dcd5331c3260c8d
wavpack-test-suite-2.0/test_suite/legacy/vers-30-lossy.wv	https://www.rarewares.org/wavpack/test_suite.zip#test_suite/legacy/vers-30-lossy.wv	Official WavPack decoder test suite 2.0; verification use; no SPDX license stated	aa87a03d8803e61bcf5df74bbf11461d8aaaa5c9cd7041b89298a542d7dde6df
wavpack-test-suite-2.0/test_suite/legacy/vers-30.wv	https://www.rarewares.org/wavpack/test_suite.zip#test_suite/legacy/vers-30.wv	Official WavPack decoder test suite 2.0; verification use; no SPDX license stated	d8489e7eb209933e1ade697fee9aff2a8cda4e1a455e407808d4977d9603ec48
wavpack-test-suite-2.0/test_suite/legacy/vers-397-hybrid.wv	https://www.rarewares.org/wavpack/test_suite.zip#test_suite/legacy/vers-397-hybrid.wv	Official WavPack decoder test suite 2.0; verification use; no SPDX license stated	e8efab2c91cf628f211532c4c72b17f78e9528498e30924cbb6c75a75747db1a
wavpack-test-suite-2.0/test_suite/legacy/vers-397-hybrid.wvc	https://www.rarewares.org/wavpack/test_suite.zip#test_suite/legacy/vers-397-hybrid.wvc	Official WavPack decoder test suite 2.0; verification use; no SPDX license stated	c166fa12f44c0e20bc6991ea3982705825cb4e8f896897a5dd252f588c205623
wavpack-test-suite-2.0/test_suite/legacy/vers-397.wv	https://www.rarewares.org/wavpack/test_suite.zip#test_suite/legacy/vers-397.wv	Official WavPack decoder test suite 2.0; verification use; no SPDX license stated	9ba3c2c3572cf1888cc2a781e34cc88366c76b1ba7ef04b7cf620ac68e0fff00
wavpack-test-suite-2.0/test_suite/legacy/vers-40-hybrid.wv	https://www.rarewares.org/wavpack/test_suite.zip#test_suite/legacy/vers-40-hybrid.wv	Official WavPack decoder test suite 2.0; verification use; no SPDX license stated	c6cd50cb5c683485fa6db90e228af955f49b61c6bad24add0e1b7b6576c7e886
wavpack-test-suite-2.0/test_suite/legacy/vers-40-hybrid.wvc	https://www.rarewares.org/wavpack/test_suite.zip#test_suite/legacy/vers-40-hybrid.wvc	Official WavPack decoder test suite 2.0; verification use; no SPDX license stated	9a7a726e51cf730af4a1c4501b23f6476db8a76d31f293b2f9e630d2fc5cecf1
wavpack-test-suite-2.0/test_suite/legacy/vers-40.wv	https://www.rarewares.org/wavpack/test_suite.zip#test_suite/legacy/vers-40.wv	Official WavPack decoder test suite 2.0; verification use; no SPDX license stated	7436869c554a53c97b344d7108e2abb6f70d36ab38cbf9ba6bae6020b3f97f6d
wavpack-test-suite-2.0/test_suite/legacy/vers-480-hybrid.wv	https://www.rarewares.org/wavpack/test_suite.zip#test_suite/legacy/vers-480-hybrid.wv	Official WavPack decoder test suite 2.0; verification use; no SPDX license stated	cecd89685f0304b3a9c04008b26101c4c84614f33794304998fa978bf3759707
wavpack-test-suite-2.0/test_suite/legacy/vers-480-hybrid.wvc	https://www.rarewares.org/wavpack/test_suite.zip#test_suite/legacy/vers-480-hybrid.wvc	Official WavPack decoder test suite 2.0; verification use; no SPDX license stated	149139bdb2c88ca090a14edefba27b4e87ed9cb83d4024394f13ee9902226221
wavpack-test-suite-2.0/test_suite/legacy/vers-480-sfx.wv	https://www.rarewares.org/wavpack/test_suite.zip#test_suite/legacy/vers-480-sfx.wv	Official WavPack decoder test suite 2.0; verification use; no SPDX license stated	13ac18869b2793e8a65673762ae5d99a0f17bb79b6a5b54e335d6efa08b205bd
wavpack-test-suite-2.0/test_suite/legacy/vers-480.wv	https://www.rarewares.org/wavpack/test_suite.zip#test_suite/legacy/vers-480.wv	Official WavPack decoder test suite 2.0; verification use; no SPDX license stated	4269210ea45f96261f8cddb4826f6cf21e9f4349639ec4ee2e1fe73475051d9d
wavpack-test-suite-2.0/test_suite/num_channels/mono-1.wv	https://www.rarewares.org/wavpack/test_suite.zip#test_suite/num_channels/mono-1.wv	Official WavPack decoder test suite 2.0; verification use; no SPDX license stated	fc9d6ef358a6a8aad316d89dd08e624c537b9a3d7eca912e001a88d39e9df842
wavpack-test-suite-2.0/test_suite/num_channels/multichannel-6.wv	https://www.rarewares.org/wavpack/test_suite.zip#test_suite/num_channels/multichannel-6.wv	Official WavPack decoder test suite 2.0; verification use; no SPDX license stated	1d19c69f39ac124ca749109c9717e33295fbc77d12283e478171eb33ed0eb701
wavpack-test-suite-2.0/test_suite/num_channels/readme.txt	https://www.rarewares.org/wavpack/test_suite.zip#test_suite/num_channels/readme.txt	Official WavPack decoder test suite 2.0; verification use; no SPDX license stated	762ad492a145fa7aae6c2e226f0e798e14627ceddbaaa05421cdf68305ae0c07
wavpack-test-suite-2.0/test_suite/num_channels/stereo-2.wv	https://www.rarewares.org/wavpack/test_suite.zip#test_suite/num_channels/stereo-2.wv	Official WavPack decoder test suite 2.0; verification use; no SPDX license stated	18137e28ffcdac9724c9e291b59b50f39b836e506b01136e0d54879ac8badf3c
wavpack-test-suite-2.0/test_suite/special_cases/cue_sheet.wv	https://www.rarewares.org/wavpack/test_suite.zip#test_suite/special_cases/cue_sheet.wv	Official WavPack decoder test suite 2.0; verification use; no SPDX license stated	600928bde41e7cabeabcc79ad0236ad690aea7cde05790401cb25613963f8857
wavpack-test-suite-2.0/test_suite/special_cases/cue_sheet.wvc	https://www.rarewares.org/wavpack/test_suite.zip#test_suite/special_cases/cue_sheet.wvc	Official WavPack decoder test suite 2.0; verification use; no SPDX license stated	3ca557bf4d8037940f28b84fbeafb5bb623cfe64a93793a833ab64c29d244ac3
wavpack-test-suite-2.0/test_suite/special_cases/custom_srate.wv	https://www.rarewares.org/wavpack/test_suite.zip#test_suite/special_cases/custom_srate.wv	Official WavPack decoder test suite 2.0; verification use; no SPDX license stated	62c1254745a2fbaea1fd505ed186192bd422a6bdf0213a436d9024ed74bbaaf8
wavpack-test-suite-2.0/test_suite/special_cases/hybrid_test.pk	https://www.rarewares.org/wavpack/test_suite.zip#test_suite/special_cases/hybrid_test.pk	Official WavPack decoder test suite 2.0; verification use; no SPDX license stated	ef5758db775d8baa526a5097b7d5495b3c08d5cb6f093ea59750762715fd7f17
wavpack-test-suite-2.0/test_suite/special_cases/hybrid_test.wv	https://www.rarewares.org/wavpack/test_suite.zip#test_suite/special_cases/hybrid_test.wv	Official WavPack decoder test suite 2.0; verification use; no SPDX license stated	eabb9af65dd82bf0f5bdc1d91535d684a6ca99d243f36f4179f666fa35e51f83
wavpack-test-suite-2.0/test_suite/special_cases/hybrid_test.wvc	https://www.rarewares.org/wavpack/test_suite.zip#test_suite/special_cases/hybrid_test.wvc	Official WavPack decoder test suite 2.0; verification use; no SPDX license stated	aa9b185bdfaf72c593109e2e25f709c8bbb7436777535af8cbc94c85e20b529b
wavpack-test-suite-2.0/test_suite/special_cases/readme.txt	https://www.rarewares.org/wavpack/test_suite.zip#test_suite/special_cases/readme.txt	Official WavPack decoder test suite 2.0; verification use; no SPDX license stated	37a6722650c9fb77513d5be26171c0420d8415bdfd1bcc5d47ccaefc553da18a
wavpack-test-suite-2.0/test_suite/special_cases/redundant_bits.wv	https://www.rarewares.org/wavpack/test_suite.zip#test_suite/special_cases/redundant_bits.wv	Official WavPack decoder test suite 2.0; verification use; no SPDX license stated	9b03f79182d0108571d1a44f90ad5bc7dedb32605038c8d727298bb2cc85a107
wavpack-test-suite-2.0/test_suite/special_cases/stereo_mixing.wv	https://www.rarewares.org/wavpack/test_suite.zip#test_suite/special_cases/stereo_mixing.wv	Official WavPack decoder test suite 2.0; verification use; no SPDX license stated	4bbfe3f8ff20dd33e9a7e8af2f29c7ea01ce4db42eb8dbf8186c9dbbed9d8e15
wavpack-test-suite-2.0/test_suite/speed_modes/default.wv	https://www.rarewares.org/wavpack/test_suite.zip#test_suite/speed_modes/default.wv	Official WavPack decoder test suite 2.0; verification use; no SPDX license stated	06b9b61cf3d229821fe4e7232499d4baf6c9e309209cbde11a4d6a98093e1fcc
wavpack-test-suite-2.0/test_suite/speed_modes/fast.wv	https://www.rarewares.org/wavpack/test_suite.zip#test_suite/speed_modes/fast.wv	Official WavPack decoder test suite 2.0; verification use; no SPDX license stated	0fa1c7ad9d8adf83736d8eb8b3c94ad2f3b9a8618f001373cf52bdbe84bddae1
wavpack-test-suite-2.0/test_suite/speed_modes/high.wv	https://www.rarewares.org/wavpack/test_suite.zip#test_suite/speed_modes/high.wv	Official WavPack decoder test suite 2.0; verification use; no SPDX license stated	1525dd87f831537fcb601469fb8311f693000ddc9dd56e4df3208f5e3618c2fe
wavpack-test-suite-2.0/test_suite/speed_modes/readme.txt	https://www.rarewares.org/wavpack/test_suite.zip#test_suite/speed_modes/readme.txt	Official WavPack decoder test suite 2.0; verification use; no SPDX license stated	ee5b15dfc35586a8977d0877b59883989aded534e52df983987ec2217df0672a
wavpack-test-suite-2.0/test_suite/speed_modes/vhigh.wv	https://www.rarewares.org/wavpack/test_suite.zip#test_suite/speed_modes/vhigh.wv	Official WavPack decoder test suite 2.0; verification use; no SPDX license stated	d9a8d161c70a666d4252187544419907eb5da9a0de385734ad8a084dbc12da64
waxflow-adpcm-tests/container/mp4/testdata/ima4-frag.mov	https://raw.githubusercontent.com/AMWolfstein/WaxFlow/b7857aff88820ad37936026421d1641e64611dbe/container/mp4/testdata/ima4-frag.mov	MIT	e46e3d6e0952e4bedeeea485097725f1246d495a8fef0c7d57b07eea67bbcaa4
waxflow-adpcm-tests/container/mp4/testdata/ima4.mov	https://raw.githubusercontent.com/AMWolfstein/WaxFlow/b7857aff88820ad37936026421d1641e64611dbe/container/mp4/testdata/ima4.mov	MIT	5db66e4748c7c0dac94c85bf190285059a79e93ca7301e5d3ccee98a21ab6823
waxflow-alac-tests/container/mp4/testdata/alac-mono-tail.m4a	https://raw.githubusercontent.com/AMWolfstein/WaxFlow/b7857aff88820ad37936026421d1641e64611dbe/container/mp4/testdata/alac-mono-tail.m4a	MIT	06813059739828a44bbcc25d5e49d1a2f7e60c237647fae6c6a2320a0f02f316
waxflow-alac-tests/container/mp4/testdata/alac-stereo.m4a	https://raw.githubusercontent.com/AMWolfstein/WaxFlow/b7857aff88820ad37936026421d1641e64611dbe/container/mp4/testdata/alac-stereo.m4a	MIT	0228fa16fb43100bda884011c44bad94ed1cbb849b2da4ef3256bb4f14b4a24d
waxflow-alac-tests/container/mp4/testdata/golden/golden-s16-stereo.m4a	https://raw.githubusercontent.com/AMWolfstein/WaxFlow/b7857aff88820ad37936026421d1641e64611dbe/container/mp4/testdata/golden/golden-s16-stereo.m4a	MIT	a7bc9ed908c6c9b7088d99edc04c58ebd22282194c85b8e96f455402574b979d
waxflow-alac-tests/container/mp4/testdata/golden/golden-s24-mono.m4a	https://raw.githubusercontent.com/AMWolfstein/WaxFlow/b7857aff88820ad37936026421d1641e64611dbe/container/mp4/testdata/golden/golden-s24-mono.m4a	MIT	433e739026cec6ff399a6a26b3e20400a699fb9ec78ddbef63f9f9c6ec21f01f
waxflow-alac-tests/container/mp4/testdata/golden/golden-s32-stereo.m4a	https://raw.githubusercontent.com/AMWolfstein/WaxFlow/b7857aff88820ad37936026421d1641e64611dbe/container/mp4/testdata/golden/golden-s32-stereo.m4a	MIT	ec9c5df9b57aac148eccccbdbdef52409f42742f6a126cb62897c9e5ff0c347f
waxflow-alac-tests/generated/signal-s24-1ch.m4a	python3 scripts/waxflow-expand-lossless-corpus.py {corpus} {mac}	CC0-1.0	79ec287e928930c862ee6379ee1756d4150c9e7de76fa7454fa38d49b240342c
waxflow-alac-tests/generated/signal-s24-2ch.m4a	python3 scripts/waxflow-expand-lossless-corpus.py {corpus} {mac}	CC0-1.0	0228d614813195a7ce0e14ecfd0bfdafdf36186c76bd81ae0be833ba48e76262
waxflow-alac-tests/generated/signal-s24-4ch.m4a	python3 scripts/waxflow-expand-lossless-corpus.py {corpus} {mac}	CC0-1.0	dd7c212e1cb981c40bdde84077901cafd0b4636d52dd22e8ff48d3464593202b
waxflow-alac-tests/generated/signal-s24-6ch.m4a	python3 scripts/waxflow-expand-lossless-corpus.py {corpus} {mac}	CC0-1.0	06f1d90d45f492705f05d4b6e120388a30d35f0b81537c82c89620f115d01aab
waxflow-alac-tests/generated/signal-s24-8ch.m4a	python3 scripts/waxflow-expand-lossless-corpus.py {corpus} {mac}	CC0-1.0	3f630916214f2d22dfd350bde5402c0728d55d5f6051d3348e67d51d73f62797
waxflow-ape-tests/codec/ape/testdata/noise-c1000-s16.ape	https://raw.githubusercontent.com/AMWolfstein/WaxFlow/b7857aff88820ad37936026421d1641e64611dbe/codec/ape/testdata/noise-c1000-s16.ape	MIT	ceaab2c18a7a3be0510d5faca528e99b5c1af12eaa43f7e1955508393db58210
waxflow-ape-tests/codec/ape/testdata/noise-c2000-s16.ape	https://raw.githubusercontent.com/AMWolfstein/WaxFlow/b7857aff88820ad37936026421d1641e64611dbe/codec/ape/testdata/noise-c2000-s16.ape	MIT	a8fa42da37ea00d0c8ace2f3bdfc151daba9a89832dc4771d890e92dba052575
waxflow-ape-tests/codec/ape/testdata/noise-c3000-s16.ape	https://raw.githubusercontent.com/AMWolfstein/WaxFlow/b7857aff88820ad37936026421d1641e64611dbe/codec/ape/testdata/noise-c3000-s16.ape	MIT	b140f1158c0ce0e6f8323633c180c1cda8e10e901c32cb72a028f4e11d895af9
waxflow-ape-tests/codec/ape/testdata/noise-c4000-s24.ape	https://raw.githubusercontent.com/AMWolfstein/WaxFlow/b7857aff88820ad37936026421d1641e64611dbe/codec/ape/testdata/noise-c4000-s24.ape	MIT	692d8f7b540eb2fda90f9985aa0b77b4c17c2263af6ddfb3ec2e6876cf69eb71
waxflow-ape-tests/codec/ape/testdata/noise-c5000-s8.ape	https://raw.githubusercontent.com/AMWolfstein/WaxFlow/b7857aff88820ad37936026421d1641e64611dbe/codec/ape/testdata/noise-c5000-s8.ape	MIT	1cc3a03e934a134d05e2e0f3c9496acd756e28cdcbf2ecd8b49b1a9d1e53995a
waxflow-ape-tests/container/apen/testdata/golden-known.ape	https://raw.githubusercontent.com/AMWolfstein/WaxFlow/b7857aff88820ad37936026421d1641e64611dbe/container/apen/testdata/golden-known.ape	MIT	014c420cdf40c92c207995f7c7f12929af54be92a5b3a6080642c28f8b0c6b7f
waxflow-ape-tests/container/apen/testdata/seek.ape	https://raw.githubusercontent.com/AMWolfstein/WaxFlow/b7857aff88820ad37936026421d1641e64611dbe/container/apen/testdata/seek.ape	MIT	d6aff33bf25bad92e475e1ece7950e71da033f6811085cf77b6e6faa7dda3281
waxflow-ape-tests/container/apen/testdata/tagged.ape	https://raw.githubusercontent.com/AMWolfstein/WaxFlow/b7857aff88820ad37936026421d1641e64611dbe/container/apen/testdata/tagged.ape	MIT	9c45ce9171e7325069e66626d05dc28dac9199bb01e301f38845729408d9fb5a
waxflow-ape-tests/generated/legacy-3970-silence-s16-mono.ape	python3 scripts/waxflow-expand-lossless-corpus.py {corpus} {mac}	CC0-1.0	c8246b99fe95574066d036b9d365069181429e224170b92900aa0a6fe509a66e
waxflow-ape-tests/generated/signal-c1000-s16-1ch.ape	python3 scripts/waxflow-expand-lossless-corpus.py {corpus} {mac}	CC0-1.0	2f6b266d8149ff5321cba2b1f756f0a5e82eb3e305d96a9588614e276d4bae59
waxflow-ape-tests/generated/signal-c1000-s16-2ch.ape	python3 scripts/waxflow-expand-lossless-corpus.py {corpus} {mac}	CC0-1.0	d6cb83fd3da38dc18053384c055efe0c3e5b0106ee3381de5cfd158fa3eb9b56
waxflow-ape-tests/generated/signal-c1000-s24-1ch.ape	python3 scripts/waxflow-expand-lossless-corpus.py {corpus} {mac}	CC0-1.0	4bacdc56e03fb33aa70b350d01c1b9af9872d60da166ccbe25e137fe930be613
waxflow-ape-tests/generated/signal-c1000-s24-2ch.ape	python3 scripts/waxflow-expand-lossless-corpus.py {corpus} {mac}	CC0-1.0	b55012e72c785ba445c30b24ed28e609ad4c840ef337c58ebb66bfdfbc7bea54
waxflow-ape-tests/generated/signal-c2000-s16-1ch.ape	python3 scripts/waxflow-expand-lossless-corpus.py {corpus} {mac}	CC0-1.0	b7ec1d216cd012a62675582ec149835fd7d7396a8efe2f54867ab4bec3fa4ab8
waxflow-ape-tests/generated/signal-c2000-s16-2ch.ape	python3 scripts/waxflow-expand-lossless-corpus.py {corpus} {mac}	CC0-1.0	e09570a27c9647d9d7972941af43918dd44c470fb7d6e26d77b92f84f09cf5b0
waxflow-ape-tests/generated/signal-c2000-s24-1ch.ape	python3 scripts/waxflow-expand-lossless-corpus.py {corpus} {mac}	CC0-1.0	f205e76f5950e0bfba42558fedc194df28470b0c88b1f51b1f9eef87c4dd6521
waxflow-ape-tests/generated/signal-c2000-s24-2ch.ape	python3 scripts/waxflow-expand-lossless-corpus.py {corpus} {mac}	CC0-1.0	98165cae28cd4e98437de831d2c83433e566b4304d61ac196825504dcea7f5c1
waxflow-ape-tests/generated/signal-c3000-s16-1ch.ape	python3 scripts/waxflow-expand-lossless-corpus.py {corpus} {mac}	CC0-1.0	42b73dbd315b93422f7559a1e7b2e4835529a254a373d7465c76c587b9ba519e
waxflow-ape-tests/generated/signal-c3000-s16-2ch.ape	python3 scripts/waxflow-expand-lossless-corpus.py {corpus} {mac}	CC0-1.0	e65963825abc90b1e3abb9fc3d61ecf7878337d2870f6ed506b80f2d8c4bc408
waxflow-ape-tests/generated/signal-c3000-s24-1ch.ape	python3 scripts/waxflow-expand-lossless-corpus.py {corpus} {mac}	CC0-1.0	1ee0afc854039b6c099e125d066efe67727a144178dcd067eca08275af403005
waxflow-ape-tests/generated/signal-c3000-s24-2ch.ape	python3 scripts/waxflow-expand-lossless-corpus.py {corpus} {mac}	CC0-1.0	aed31636b113e755cd0c15e5b69607851ddc8fa6009bd0e2c7da5dba744f014e
waxflow-ape-tests/generated/signal-c4000-s16-1ch.ape	python3 scripts/waxflow-expand-lossless-corpus.py {corpus} {mac}	CC0-1.0	71571a54b7896415b747e34d60076efada8445a2b3df2278fba6e7f798e70a11
waxflow-ape-tests/generated/signal-c4000-s16-2ch.ape	python3 scripts/waxflow-expand-lossless-corpus.py {corpus} {mac}	CC0-1.0	ed74686daf25641a8d166fd68dc676ebeeb2abbad474eb679ceac86e4fd61a94
waxflow-ape-tests/generated/signal-c4000-s24-1ch.ape	python3 scripts/waxflow-expand-lossless-corpus.py {corpus} {mac}	CC0-1.0	b36bfb9921aa26a6f660f36afa983545d7fd877e5ed4a3f463db2768827d6b5d
waxflow-ape-tests/generated/signal-c4000-s24-2ch.ape	python3 scripts/waxflow-expand-lossless-corpus.py {corpus} {mac}	CC0-1.0	1a011a54451704260b9fd532a8e587ce5d9cdda87aef64bc61554eb55932ce51
waxflow-ape-tests/generated/signal-c5000-s16-1ch.ape	python3 scripts/waxflow-expand-lossless-corpus.py {corpus} {mac}	CC0-1.0	74cd6e225a199f73865e2fe2c5837d009a580f48f2ec6da68694b85da7333fb2
waxflow-ape-tests/generated/signal-c5000-s16-2ch.ape	python3 scripts/waxflow-expand-lossless-corpus.py {corpus} {mac}	CC0-1.0	48ba765cf088cb69db7e1040d9640d7b37629311e8b3047c7782a44a45f9e7a5
waxflow-ape-tests/generated/signal-c5000-s24-1ch.ape	python3 scripts/waxflow-expand-lossless-corpus.py {corpus} {mac}	CC0-1.0	21d8a6b875c1d6d165a84a4970bc62c842a36248b5265923a881cf2ea4962dfc
waxflow-ape-tests/generated/signal-c5000-s24-2ch.ape	python3 scripts/waxflow-expand-lossless-corpus.py {corpus} {mac}	CC0-1.0	11dd645d69b601acfdc65c440cfbf74214dd880e97f46f5819958a74525de04e
waxflow-g711-tests/sine-alaw-7ch.wav	python3 scripts/waxflow-g711-corpus.py {src} {corpus}	MIT	2b0f4a88892ccead81078ad1618159bbe9b36dae652f7c1f19639a4b3c0f796d
waxflow-g711-tests/sine-alaw-8ch.wav	python3 scripts/waxflow-g711-corpus.py {src} {corpus}	MIT	171f399d4610a654c78d31ac294e3a4135338e5774f84d333b12e1e627a5c7e0
waxflow-g711-tests/sine-ulaw-7ch.wav	python3 scripts/waxflow-g711-corpus.py {src} {corpus}	MIT	2cff4cf92ba67a4b7f609b4031f064389c1bc597118c3941fd832dfc52833bba
waxflow-g711-tests/sine-ulaw-8ch.wav	python3 scripts/waxflow-g711-corpus.py {src} {corpus}	MIT	6d8f8d3b6f612a25a4f3fe72e65475bf5eacc92276749199bbed0a298851ada4
waxflow-musepack-tests/codec/musepack/testdata/sv7-32k.mpc	https://raw.githubusercontent.com/AMWolfstein/WaxFlow/b7857aff88820ad37936026421d1641e64611dbe/codec/musepack/testdata/sv7-32k.mpc	MIT	cd920c0296bd931771e49c510ab1e15cbcf50634942f348834bbe00ffc3a7785
waxflow-musepack-tests/codec/musepack/testdata/sv7-37800.mpc	https://raw.githubusercontent.com/AMWolfstein/WaxFlow/b7857aff88820ad37936026421d1641e64611dbe/codec/musepack/testdata/sv7-37800.mpc	MIT	446a1f6a285d619e91997bef35502e98b63a1d1a07cdcfb1a28419c50be03b5e
waxflow-musepack-tests/codec/musepack/testdata/sv7-48k.mpc	https://raw.githubusercontent.com/AMWolfstein/WaxFlow/b7857aff88820ad37936026421d1641e64611dbe/codec/musepack/testdata/sv7-48k.mpc	MIT	927836c720f930a410b846ed573a9257a95380d2e7c0ff54a3891ffaff753b51
waxflow-musepack-tests/codec/musepack/testdata/sv7-braindead.mpc	https://raw.githubusercontent.com/AMWolfstein/WaxFlow/b7857aff88820ad37936026421d1641e64611dbe/codec/musepack/testdata/sv7-braindead.mpc	MIT	29c1fb9e009fd6318c75603df44ab179d52d88c5d6d4ce2b6cf5794c58a1f1ab
waxflow-musepack-tests/codec/musepack/testdata/sv7-mono.mpc	https://raw.githubusercontent.com/AMWolfstein/WaxFlow/b7857aff88820ad37936026421d1641e64611dbe/codec/musepack/testdata/sv7-mono.mpc	MIT	562f33bac0da5ccc2deb990a96d6e9defef8c61e6c1e3e7d8fa3fe08b2e0376a
waxflow-musepack-tests/codec/musepack/testdata/sv7-ms-off.mpc	https://raw.githubusercontent.com/AMWolfstein/WaxFlow/b7857aff88820ad37936026421d1641e64611dbe/codec/musepack/testdata/sv7-ms-off.mpc	MIT	df817390d026ef1487fa407bab979bb6d6430080eae42cb16e41e08a5b11a9d8
waxflow-musepack-tests/codec/musepack/testdata/sv7-pns.mpc	https://raw.githubusercontent.com/AMWolfstein/WaxFlow/b7857aff88820ad37936026421d1641e64611dbe/codec/musepack/testdata/sv7-pns.mpc	MIT	c74becf5023f2adec1e74072da6c916e855d7de6c7ab25f0cbf81dde68767021
waxflow-musepack-tests/codec/musepack/testdata/sv7-standard.mpc	https://raw.githubusercontent.com/AMWolfstein/WaxFlow/b7857aff88820ad37936026421d1641e64611dbe/codec/musepack/testdata/sv7-standard.mpc	MIT	f796be7a6b477d8112dc5fc1380432ec5c7579b6f01397d9e220fb4805008d2d
waxflow-musepack-tests/codec/musepack/testdata/sv7-thumb.mpc	https://raw.githubusercontent.com/AMWolfstein/WaxFlow/b7857aff88820ad37936026421d1641e64611dbe/codec/musepack/testdata/sv7-thumb.mpc	MIT	f9395ce3243c09cb8f2828d70162bd1700ce5125fdc553c4ea052092623a9ae6
waxflow-musepack-tests/codec/musepack/testdata/sv8-32k.mpc	https://raw.githubusercontent.com/AMWolfstein/WaxFlow/b7857aff88820ad37936026421d1641e64611dbe/codec/musepack/testdata/sv8-32k.mpc	MIT	f881d89318c5b45b81785f17ac4672faf22c87d36365fd3a0b7bbf5d2651c846
waxflow-musepack-tests/codec/musepack/testdata/sv8-37800.mpc	https://raw.githubusercontent.com/AMWolfstein/WaxFlow/b7857aff88820ad37936026421d1641e64611dbe/codec/musepack/testdata/sv8-37800.mpc	MIT	81d3cbc9e4b269798d17aa9bf2832fe81a10e9306ef23897dd02e75b8173e24e
waxflow-musepack-tests/codec/musepack/testdata/sv8-48k.mpc	https://raw.githubusercontent.com/AMWolfstein/WaxFlow/b7857aff88820ad37936026421d1641e64611dbe/codec/musepack/testdata/sv8-48k.mpc	MIT	5beff7dd3826f9a265dd1f26ece8f0d4118a249c1b9cab4387780c9076b87bcc
waxflow-musepack-tests/codec/musepack/testdata/sv8-blocks.mpc	https://raw.githubusercontent.com/AMWolfstein/WaxFlow/b7857aff88820ad37936026421d1641e64611dbe/codec/musepack/testdata/sv8-blocks.mpc	MIT	7f1a19435abc9df766da0ed31ca750e00d3128fd5cc3e845bbaa09343b4a1a6f
waxflow-musepack-tests/codec/musepack/testdata/sv8-cut.mpc	https://raw.githubusercontent.com/AMWolfstein/WaxFlow/b7857aff88820ad37936026421d1641e64611dbe/codec/musepack/testdata/sv8-cut.mpc	MIT	dd3e25f899a3c917701a1525d318166f324ebeb62c2e327d964dbbbd4d5a5bee
waxflow-musepack-tests/codec/musepack/testdata/sv8-frames0.mpc	https://raw.githubusercontent.com/AMWolfstein/WaxFlow/b7857aff88820ad37936026421d1641e64611dbe/codec/musepack/testdata/sv8-frames0.mpc	MIT	60d72227888da1eaedc94fa23fa2d93166da90dbffd4e89ccfa4163076971516
waxflow-musepack-tests/codec/musepack/testdata/sv8-mono.mpc	https://raw.githubusercontent.com/AMWolfstein/WaxFlow/b7857aff88820ad37936026421d1641e64611dbe/codec/musepack/testdata/sv8-mono.mpc	MIT	3ea823d3650a48e0dfad0dd3c1fa5201a2c20e2deab21d000251aa5524f3017f
waxflow-musepack-tests/codec/musepack/testdata/sv8-no-ei.mpc	https://raw.githubusercontent.com/AMWolfstein/WaxFlow/b7857aff88820ad37936026421d1641e64611dbe/codec/musepack/testdata/sv8-no-ei.mpc	MIT	cfac868a31f63c3b189f05e320bda37e399d75232aa9edc5d4cfe91e89b59e96
waxflow-musepack-tests/codec/musepack/testdata/sv8-no-st.mpc	https://raw.githubusercontent.com/AMWolfstein/WaxFlow/b7857aff88820ad37936026421d1641e64611dbe/codec/musepack/testdata/sv8-no-st.mpc	MIT	c49fdb128a6c33c3c6b02d39911585fb2c867adc191a43258b25faefbed256bf
waxflow-musepack-tests/codec/musepack/testdata/sv8-q0-pns.mpc	https://raw.githubusercontent.com/AMWolfstein/WaxFlow/b7857aff88820ad37936026421d1641e64611dbe/codec/musepack/testdata/sv8-q0-pns.mpc	MIT	1da5d266af28f7037021372c075b3cdfabe8b56977b616375b71fc22ce1d2a97
waxflow-musepack-tests/codec/musepack/testdata/sv8-q10.mpc	https://raw.githubusercontent.com/AMWolfstein/WaxFlow/b7857aff88820ad37936026421d1641e64611dbe/codec/musepack/testdata/sv8-q10.mpc	MIT	d2fce29b04366c451f294db07c535c2b87699dbeb3bb4e4453f34716334b1568
waxflow-musepack-tests/codec/musepack/testdata/sv8-repack-pns.mpc	https://raw.githubusercontent.com/AMWolfstein/WaxFlow/b7857aff88820ad37936026421d1641e64611dbe/codec/musepack/testdata/sv8-repack-pns.mpc	MIT	80136eba19866bd91c6b86699176b74bca33de84b7e8d1f846fa1b349c1b9fd9
waxflow-musepack-tests/codec/musepack/testdata/sv8-repack.mpc	https://raw.githubusercontent.com/AMWolfstein/WaxFlow/b7857aff88820ad37936026421d1641e64611dbe/codec/musepack/testdata/sv8-repack.mpc	MIT	01e2ccf9d7d2b2c4f53792d1bcb5626a80d6a16e33f8dd7cf0a0d21327f2a611
waxflow-musepack-tests/codec/musepack/testdata/sv8-stereo.mpc	https://raw.githubusercontent.com/AMWolfstein/WaxFlow/b7857aff88820ad37936026421d1641e64611dbe/codec/musepack/testdata/sv8-stereo.mpc	MIT	834af7027a4039607a397d62b7bb73b27b3ecf4911a205d2b7485488e82ab919
waxflow-musepack-tests/codec/musepack/testdata/sv8-thumb.mpc	https://raw.githubusercontent.com/AMWolfstein/WaxFlow/b7857aff88820ad37936026421d1641e64611dbe/codec/musepack/testdata/sv8-thumb.mpc	MIT	736beea128c0a0a5e4cf29ae3ddb74a9837948dfdb6d0e254cbe01aa3a5d5be3
waxflow-musepack-tests/container/mpc/testdata/chapters.mpc	https://raw.githubusercontent.com/AMWolfstein/WaxFlow/b7857aff88820ad37936026421d1641e64611dbe/container/mpc/testdata/chapters.mpc	MIT	e25b83bd7febc38ec6c622952d396c15c452f1c9f2e51662ef4f8344ee2e500b
waxflow-musepack-tests/container/mpc/testdata/gapless-sv7.mpc	https://raw.githubusercontent.com/AMWolfstein/WaxFlow/b7857aff88820ad37936026421d1641e64611dbe/container/mpc/testdata/gapless-sv7.mpc	MIT	195f7d4ccc39936fa90f8160673cd6b1e8e827a20e66c537939347dd2252ffad
waxflow-musepack-tests/container/mpc/testdata/seek-pns.mpc	https://raw.githubusercontent.com/AMWolfstein/WaxFlow/b7857aff88820ad37936026421d1641e64611dbe/container/mpc/testdata/seek-pns.mpc	MIT	303e00df6e9d27a7f23a1680a970b9cce24c6ff360d225485f92058737e6abf1
waxflow-musepack-tests/container/mpc/testdata/seek-sv7.mpc	https://raw.githubusercontent.com/AMWolfstein/WaxFlow/b7857aff88820ad37936026421d1641e64611dbe/container/mpc/testdata/seek-sv7.mpc	MIT	2db26ed46af491b2312cee8c915d9567454f44f9b0223cef3135e3bd6e75f5aa
waxflow-musepack-tests/container/mpc/testdata/seek.mpc	https://raw.githubusercontent.com/AMWolfstein/WaxFlow/b7857aff88820ad37936026421d1641e64611dbe/container/mpc/testdata/seek.mpc	MIT	983bcee7cfad12d830be55adc0cc4139fae2d1b37fbb18360eae4fa1aa02960c
waxflow-musepack-tests/container/mpc/testdata/tagged.mpc	https://raw.githubusercontent.com/AMWolfstein/WaxFlow/b7857aff88820ad37936026421d1641e64611dbe/container/mpc/testdata/tagged.mpc	MIT	41c06a29358f6559cdb630abcda5e0d950eb95a0d3096e02f33c130599725613
waxflow-testdata/chapters.m4b	https://raw.githubusercontent.com/AMWolfstein/WaxFlow/446ca3124d890fd08caecdcbf8931a493d4ebd04/testdata/chapters.m4b	MIT	e0f1f5d1822c267771ed36598c400ff7407828a87cd7df7c7f542ebefeb3f7b1
waxflow-testdata/noise-cbr320.mp3	https://raw.githubusercontent.com/AMWolfstein/WaxFlow/446ca3124d890fd08caecdcbf8931a493d4ebd04/testdata/noise-cbr320.mp3	MIT	c211fc861e45e13239ccdcaf1f94bd5b92bee62e6c0e07c0006c94b70b775bac
waxflow-testdata/noise-cbr64.mp3	https://raw.githubusercontent.com/AMWolfstein/WaxFlow/446ca3124d890fd08caecdcbf8931a493d4ebd04/testdata/noise-cbr64.mp3	MIT	e6cd18e61ecbda2592205fcc6f622190e93c7d611018a9f4e3d05432af8aaa51
waxflow-testdata/noise-s16.ape	https://raw.githubusercontent.com/AMWolfstein/WaxFlow/446ca3124d890fd08caecdcbf8931a493d4ebd04/testdata/noise-s16.ape	MIT	8c5e7b6b3773bec0a767db4ab38dd6c74a60a9d2b8af0e9fd27b96b147f34af1
waxflow-testdata/noise-s16.flac	https://raw.githubusercontent.com/AMWolfstein/WaxFlow/446ca3124d890fd08caecdcbf8931a493d4ebd04/testdata/noise-s16.flac	MIT	c9d8cc411f72297960188e1b62e011a02f814e293eaefce1d67da0f22e6e9941
waxflow-testdata/noise-s16.mpc	https://raw.githubusercontent.com/AMWolfstein/WaxFlow/446ca3124d890fd08caecdcbf8931a493d4ebd04/testdata/noise-s16.mpc	MIT	8c94e3640d33e2c0d64b2a760b6dc35073f93d74767d15a199ca876e9928e975
waxflow-testdata/noise-s16.wv	https://raw.githubusercontent.com/AMWolfstein/WaxFlow/446ca3124d890fd08caecdcbf8931a493d4ebd04/testdata/noise-s16.wv	MIT	aeffac51c93f7f45eea57101db95d287807046f867cc50b0cb7ad7f510db4d08
waxflow-testdata/noise-s24.oga	https://raw.githubusercontent.com/AMWolfstein/WaxFlow/446ca3124d890fd08caecdcbf8931a493d4ebd04/testdata/noise-s24.oga	MIT	70fc2c913c15e04d2cf8e3d2efd3dc21e24322002c0cd0fe33388804f1a6ddbb
waxflow-testdata/sine-22050-vbr.mp3	https://raw.githubusercontent.com/AMWolfstein/WaxFlow/446ca3124d890fd08caecdcbf8931a493d4ebd04/testdata/sine-22050-vbr.mp3	MIT	57474d3d01f133a64194d7db13abb966942f30cc2c7beda6842e77e92635c987
waxflow-testdata/sine-5_1-s16.flac	https://raw.githubusercontent.com/AMWolfstein/WaxFlow/446ca3124d890fd08caecdcbf8931a493d4ebd04/testdata/sine-5_1-s16.flac	MIT	5f7690c448033ef40c51bf21d01095bc26d5ecae0045fe8aa45b83015120254b
waxflow-testdata/sine-5_1-s16.wav	https://raw.githubusercontent.com/AMWolfstein/WaxFlow/446ca3124d890fd08caecdcbf8931a493d4ebd04/testdata/sine-5_1-s16.wav	MIT	9d68aaf21e26ebe8da43520699abc677a996f3922ac9cfbb1e17748066a90c61
waxflow-testdata/sine-8000-cbr16.mp3	https://raw.githubusercontent.com/AMWolfstein/WaxFlow/446ca3124d890fd08caecdcbf8931a493d4ebd04/testdata/sine-8000-cbr16.mp3	MIT	b2087aa8d51fd3ec6d9f138bacb30c91fcb419f776038f180d5b356099d6ee58
waxflow-testdata/sine-alaw.aifc	https://raw.githubusercontent.com/AMWolfstein/WaxFlow/446ca3124d890fd08caecdcbf8931a493d4ebd04/testdata/sine-alaw.aifc	MIT	665832190dd82db144ad65b7df3288eaef929a8427240a76be6c6c8a3dcc669f
waxflow-testdata/sine-alaw.wav	https://raw.githubusercontent.com/AMWolfstein/WaxFlow/446ca3124d890fd08caecdcbf8931a493d4ebd04/testdata/sine-alaw.wav	MIT	bf4652dc1a1b1e9d70d518c1bf9db88bd3d05c6b57b7f2dc0aada41841520a71
waxflow-testdata/sine-cbr128.mp3	https://raw.githubusercontent.com/AMWolfstein/WaxFlow/446ca3124d890fd08caecdcbf8931a493d4ebd04/testdata/sine-cbr128.mp3	MIT	2da2c84bc05897eff6195f1e78dfcb63d1df67b277acb86b56ae6ca6dab5741c
waxflow-testdata/sine-f32.aiff	https://raw.githubusercontent.com/AMWolfstein/WaxFlow/446ca3124d890fd08caecdcbf8931a493d4ebd04/testdata/sine-f32.aiff	MIT	43ea21f0c2434da0709f629eac4ca5fb24d7df73573d6926b761a6ed92b234d8
waxflow-testdata/sine-f32.wav	https://raw.githubusercontent.com/AMWolfstein/WaxFlow/446ca3124d890fd08caecdcbf8931a493d4ebd04/testdata/sine-f32.wav	MIT	16aa3e50d59b70e87e2753aef565b787476a1755f903779236bd3f563890fabf
waxflow-testdata/sine-f64.wav	https://raw.githubusercontent.com/AMWolfstein/WaxFlow/446ca3124d890fd08caecdcbf8931a493d4ebd04/testdata/sine-f64.wav	MIT	308834f7319da229845e055ef7b4254d0b24a9a496e677f90fc6e04000183d88
waxflow-testdata/sine-id3.mp3	https://raw.githubusercontent.com/AMWolfstein/WaxFlow/446ca3124d890fd08caecdcbf8931a493d4ebd04/testdata/sine-id3.mp3	MIT	de929d054bcd8fe212e1815b42ce80ff882fa90dd8d8503b0e92267ff86388be
waxflow-testdata/sine-ima-stereo.wav	https://raw.githubusercontent.com/AMWolfstein/WaxFlow/446ca3124d890fd08caecdcbf8931a493d4ebd04/testdata/sine-ima-stereo.wav	MIT	c7ae38fd4b83f21cb44193944c922f75d0fdd973d963a541e072280820249d8e
waxflow-testdata/sine-ima.wav	https://raw.githubusercontent.com/AMWolfstein/WaxFlow/446ca3124d890fd08caecdcbf8931a493d4ebd04/testdata/sine-ima.wav	MIT	df28a450be7d6e16b9472c47382e76e6b2cb19bfb4c9c012f9739dfad7cb5ab0
waxflow-testdata/sine-ima4-stereo.aifc	https://raw.githubusercontent.com/AMWolfstein/WaxFlow/446ca3124d890fd08caecdcbf8931a493d4ebd04/testdata/sine-ima4-stereo.aifc	MIT	5a1bdd0b2c27059f7f770824d1f39397e4c68315cc3450349a0bad48c76048ae
waxflow-testdata/sine-ima4.aifc	https://raw.githubusercontent.com/AMWolfstein/WaxFlow/446ca3124d890fd08caecdcbf8931a493d4ebd04/testdata/sine-ima4.aifc	MIT	2720b8e1143d27e50578b1aae29135de56baaa36c46b8f529ea7e3472513c5a3
waxflow-testdata/sine-mono-cbr64.mp3	https://raw.githubusercontent.com/AMWolfstein/WaxFlow/446ca3124d890fd08caecdcbf8931a493d4ebd04/testdata/sine-mono-cbr64.mp3	MIT	2dda5a8aada0c65bf63412093071403de219afdeb7d68f7294ec4bb2dcd7cc99
waxflow-testdata/sine-mono-s16.flac	https://raw.githubusercontent.com/AMWolfstein/WaxFlow/446ca3124d890fd08caecdcbf8931a493d4ebd04/testdata/sine-mono-s16.flac	MIT	b87de47e874ec6a5137c109a657279548ced64a60aff1c4448457a5897f7e0a7
waxflow-testdata/sine-msadpcm-stereo.wav	https://raw.githubusercontent.com/AMWolfstein/WaxFlow/446ca3124d890fd08caecdcbf8931a493d4ebd04/testdata/sine-msadpcm-stereo.wav	MIT	fa49cc53446175508fb367ab9c20a607bde96b47d6d87e4d601de6944e514c47
waxflow-testdata/sine-msadpcm.wav	https://raw.githubusercontent.com/AMWolfstein/WaxFlow/446ca3124d890fd08caecdcbf8931a493d4ebd04/testdata/sine-msadpcm.wav	MIT	5e63f96eee53878c7427495fea8eabcbc14cee1fc3145843b0e33a4413dccb64
waxflow-testdata/sine-rf64.wav	https://raw.githubusercontent.com/AMWolfstein/WaxFlow/446ca3124d890fd08caecdcbf8931a493d4ebd04/testdata/sine-rf64.wav	MIT	b03fd6eba5f04d155afdefda7441d44ff4d2969a99fa6034e97b30055fb2ad51
waxflow-testdata/sine-s16.aiff	https://raw.githubusercontent.com/AMWolfstein/WaxFlow/446ca3124d890fd08caecdcbf8931a493d4ebd04/testdata/sine-s16.aiff	MIT	48fad7987d2eb6affdce376621caae2a699976a5bb8de02c0c9ab05ba85de8aa
waxflow-testdata/sine-s16.ape	https://raw.githubusercontent.com/AMWolfstein/WaxFlow/446ca3124d890fd08caecdcbf8931a493d4ebd04/testdata/sine-s16.ape	MIT	a85df7a3368c270d4e9abc886d0d5e21cc81dab21b47cb61fc2f8171b493a672
waxflow-testdata/sine-s16.flac	https://raw.githubusercontent.com/AMWolfstein/WaxFlow/446ca3124d890fd08caecdcbf8931a493d4ebd04/testdata/sine-s16.flac	MIT	d4fef9a9bb47ea766d9416328daa7df87a930737c7e1e5fb5d4a120eab576b92
waxflow-testdata/sine-s16.mpc	https://raw.githubusercontent.com/AMWolfstein/WaxFlow/446ca3124d890fd08caecdcbf8931a493d4ebd04/testdata/sine-s16.mpc	MIT	ecab49fc7bb7c70fcd3f47f95025663e4c34b4b2475bbb041096d1105cc701f4
waxflow-testdata/sine-s16.oga	https://raw.githubusercontent.com/AMWolfstein/WaxFlow/446ca3124d890fd08caecdcbf8931a493d4ebd04/testdata/sine-s16.oga	MIT	5c42adc1e6f2badd644fc184e1ade927f02c0fdfb14c8814cb19c7d7f79b1754
waxflow-testdata/sine-s16.wav	https://raw.githubusercontent.com/AMWolfstein/WaxFlow/446ca3124d890fd08caecdcbf8931a493d4ebd04/testdata/sine-s16.wav	MIT	d98b53e9ee5a0e9fce75ff18651815b2ac39de37708745d4d0a6ef9da63c73f9
waxflow-testdata/sine-s16.wma	https://raw.githubusercontent.com/AMWolfstein/WaxFlow/446ca3124d890fd08caecdcbf8931a493d4ebd04/testdata/sine-s16.wma	MIT	45a39c0e5adfbc35457f918d6dd5bfb89e86866eace09316d42214c7256526f1
waxflow-testdata/sine-s16.wv	https://raw.githubusercontent.com/AMWolfstein/WaxFlow/446ca3124d890fd08caecdcbf8931a493d4ebd04/testdata/sine-s16.wv	MIT	b74338e0d14352472020fe02a8ef06372e960e492ea88a5befa2e54cbfa675a7
waxflow-testdata/sine-s24.aiff	https://raw.githubusercontent.com/AMWolfstein/WaxFlow/446ca3124d890fd08caecdcbf8931a493d4ebd04/testdata/sine-s24.aiff	MIT	cdefdb9c277fa1fb13c3d33e9096cb2e397cb7cd6ff97ffd8e1d3583b93cf905
waxflow-testdata/sine-s24.flac	https://raw.githubusercontent.com/AMWolfstein/WaxFlow/446ca3124d890fd08caecdcbf8931a493d4ebd04/testdata/sine-s24.flac	MIT	cf717412f06e068b048a8d5ba02782b1b826e555f87caf5f858599111f17e840
waxflow-testdata/sine-s24.wav	https://raw.githubusercontent.com/AMWolfstein/WaxFlow/446ca3124d890fd08caecdcbf8931a493d4ebd04/testdata/sine-s24.wav	MIT	26b809b1269805d2ec47f1011e63cc27b98985dca73a4e276fb145dff9bb96a9
waxflow-testdata/sine-s32.wav	https://raw.githubusercontent.com/AMWolfstein/WaxFlow/446ca3124d890fd08caecdcbf8931a493d4ebd04/testdata/sine-s32.wav	MIT	f854aebe7f460ad8f06a1d3d56d6796c2608463716382844522f604d8aa4789c
waxflow-testdata/sine-s8.aiff	https://raw.githubusercontent.com/AMWolfstein/WaxFlow/446ca3124d890fd08caecdcbf8931a493d4ebd04/testdata/sine-s8.aiff	MIT	004d44817eebe6806dbe00b7a0d975b13a1e97642d1db19e97017fce4b7e3df3
waxflow-testdata/sine-sowt.aiff	https://raw.githubusercontent.com/AMWolfstein/WaxFlow/446ca3124d890fd08caecdcbf8931a493d4ebd04/testdata/sine-sowt.aiff	MIT	4a5c783948eec85fc4463c87307316b86e4f1e25e8d9710d3512b6218b213499
waxflow-testdata/sine-u8.wav	https://raw.githubusercontent.com/AMWolfstein/WaxFlow/446ca3124d890fd08caecdcbf8931a493d4ebd04/testdata/sine-u8.wav	MIT	8cb7f875d17831689f4b4305b1a6b70cbd486d3eaa42e6183e8086018078595d
waxflow-testdata/sine-ulaw.aifc	https://raw.githubusercontent.com/AMWolfstein/WaxFlow/446ca3124d890fd08caecdcbf8931a493d4ebd04/testdata/sine-ulaw.aifc	MIT	f10aef410d21dfecfca2a4f6911c03cbe851cea73d736bf2fd81384b47db915b
waxflow-testdata/sine-ulaw.wav	https://raw.githubusercontent.com/AMWolfstein/WaxFlow/446ca3124d890fd08caecdcbf8931a493d4ebd04/testdata/sine-ulaw.wav	MIT	1d726738ee8fc3509792fdf2d9b3912f98f9e0d5bc17c04f6247e44afd8ca830
waxflow-testdata/sine-untagged.mp3	https://raw.githubusercontent.com/AMWolfstein/WaxFlow/446ca3124d890fd08caecdcbf8931a493d4ebd04/testdata/sine-untagged.mp3	MIT	52a02a2e1d196ae7c4c05180593578da4177b880c77c545f6ba449b2a17434e4
waxflow-testdata/sine-vbr.mp3	https://raw.githubusercontent.com/AMWolfstein/WaxFlow/446ca3124d890fd08caecdcbf8931a493d4ebd04/testdata/sine-vbr.mp3	MIT	e2afbdf9793d23a677b364c7c94e86ab2cbe2f06865d8d8c9c188dacd9738f2d
waxflow-testdata/golden/m4b-chapters.m4b	https://raw.githubusercontent.com/AMWolfstein/WaxFlow/446ca3124d890fd08caecdcbf8931a493d4ebd04/testdata/golden/m4b-chapters.m4b	MIT	cb3e5660c5675f42f038000530495f89285bd5803b95c90d1ee827d9f59e03d5
waxflow-testdata/golden/hls/hls-aac-init.mp4	https://raw.githubusercontent.com/AMWolfstein/WaxFlow/446ca3124d890fd08caecdcbf8931a493d4ebd04/testdata/golden/hls/hls-aac-init.mp4	MIT	e58b110d2e4e4026bc128f3ff53851c4b4b77f6c6ca906131ac9ebb7b7fd73c2
waxflow-testdata/golden/hls/hls-aac-seg-0.m4s	https://raw.githubusercontent.com/AMWolfstein/WaxFlow/446ca3124d890fd08caecdcbf8931a493d4ebd04/testdata/golden/hls/hls-aac-seg-0.m4s	MIT	5159d1bdf9933361d3f1f70899685746321281dac2cb4c054f95fe0fd485f09c
waxflow-testdata/golden/hls/hls-aac-seg-1.m4s	https://raw.githubusercontent.com/AMWolfstein/WaxFlow/446ca3124d890fd08caecdcbf8931a493d4ebd04/testdata/golden/hls/hls-aac-seg-1.m4s	MIT	cf41ce20d9ab596eab863efa3293d8342835b00ded88bfc90eddd876bf5734eb
waxflow-testdata/golden/hls/hls-flac-init.mp4	https://raw.githubusercontent.com/AMWolfstein/WaxFlow/446ca3124d890fd08caecdcbf8931a493d4ebd04/testdata/golden/hls/hls-flac-init.mp4	MIT	d6d4ff01763c49429e726c6676ef6e8a1f286b552daf63141ca312db52a58c78
waxflow-testdata/golden/hls/hls-flac-seg-0.m4s	https://raw.githubusercontent.com/AMWolfstein/WaxFlow/446ca3124d890fd08caecdcbf8931a493d4ebd04/testdata/golden/hls/hls-flac-seg-0.m4s	MIT	42405d77bf4c551eef00de71bf61365fb3ace3b5f9a3150498dbd6864de1659c
waxflow-testdata/golden/hls/hls-flac-seg-1.m4s	https://raw.githubusercontent.com/AMWolfstein/WaxFlow/446ca3124d890fd08caecdcbf8931a493d4ebd04/testdata/golden/hls/hls-flac-seg-1.m4s	MIT	9c68a552a628920ac5914e666450f0ebb313d33cc987dbe2cbcf4973fb0486ea
waxflow-testdata/golden/hls/hls-flac24-init.mp4	https://raw.githubusercontent.com/AMWolfstein/WaxFlow/446ca3124d890fd08caecdcbf8931a493d4ebd04/testdata/golden/hls/hls-flac24-init.mp4	MIT	301f356f73397c648073e5642836a0305e6b02b75892376ff836d46f2fe34b2e
waxflow-testdata/golden/hls/hls-opus-init.mp4	https://raw.githubusercontent.com/AMWolfstein/WaxFlow/446ca3124d890fd08caecdcbf8931a493d4ebd04/testdata/golden/hls/hls-opus-init.mp4	MIT	42bbcccc4bd51a6ba45a65a64eb9adda8536d8f87ac8050f9f2b69b81a5592cf
waxflow-testdata/golden/hls/hls-opus-seg-0.m4s	https://raw.githubusercontent.com/AMWolfstein/WaxFlow/446ca3124d890fd08caecdcbf8931a493d4ebd04/testdata/golden/hls/hls-opus-seg-0.m4s	MIT	61256416235ebe1b0ca519bc8b39b26320066266997eec93b5998d1c2e6fe323
waxflow-testdata/golden/hls/hls-opus-seg-1.m4s	https://raw.githubusercontent.com/AMWolfstein/WaxFlow/446ca3124d890fd08caecdcbf8931a493d4ebd04/testdata/golden/hls/hls-opus-seg-1.m4s	MIT	c421452a6beaa69f4f27953d82f7775d5ffe38d152d2309596d1a4efe87337c5
waxflow-wma-tests/container/asf/testdata/chapters.wma	https://raw.githubusercontent.com/AMWolfstein/WaxFlow/b7857aff88820ad37936026421d1641e64611dbe/container/asf/testdata/chapters.wma	MIT	56bba03eef48b0a51c515c800f2a07caca4975205648058591371b91c43c1e84
waxflow-wma-tests/container/asf/testdata/frag.wma	https://raw.githubusercontent.com/AMWolfstein/WaxFlow/b7857aff88820ad37936026421d1641e64611dbe/container/asf/testdata/frag.wma	MIT	3169f71948ab56d7569ecbe1dfac74ae071f17b2ead4c48e2359947a3fbe4fe7
waxflow-wma-tests/container/asf/testdata/sine-wmav1.wma	https://raw.githubusercontent.com/AMWolfstein/WaxFlow/b7857aff88820ad37936026421d1641e64611dbe/container/asf/testdata/sine-wmav1.wma	MIT	8d4be6986eacc049ffc5930d739b95452525cb43ab67fa302f875a6490106a22
waxflow-wma-tests/container/asf/testdata/sine-wmav2.wma	https://raw.githubusercontent.com/AMWolfstein/WaxFlow/b7857aff88820ad37936026421d1641e64611dbe/container/asf/testdata/sine-wmav2.wma	MIT	026e768c799f06511f41818b44225e52c51d8fc1744fe160737d6e23a418d9e1
waxflow-wma-tests/container/asf/testdata/tagged.wma	https://raw.githubusercontent.com/AMWolfstein/WaxFlow/b7857aff88820ad37936026421d1641e64611dbe/container/asf/testdata/tagged.wma	MIT	2ff20b135dc565024f23c8a4851eecb16b3f70832c5f2a1d92cd72fa45606f3d
waxflow-wma-tests/generated/v1-16000-1ch.wma	python3 scripts/waxflow-wma-corpus.py {src} {corpus}	CC0-1.0	49875abb753591da7859d995558917f52bb3de3968e771134e01c63fc87bc4cb
waxflow-wma-tests/generated/v1-16000-2ch.wma	python3 scripts/waxflow-wma-corpus.py {src} {corpus}	CC0-1.0	572eebd30ba720fbc2bcd34357f4f13c01765a3d6bb78956d9a904a5bd590ae5
waxflow-wma-tests/generated/v1-22050-1ch.wma	python3 scripts/waxflow-wma-corpus.py {src} {corpus}	CC0-1.0	d4b20723afb9357e4980ffe9ae904d9d0a516fcf46b373c33ce8f438f817983e
waxflow-wma-tests/generated/v1-22050-2ch.wma	python3 scripts/waxflow-wma-corpus.py {src} {corpus}	CC0-1.0	35260680642e2c9a13cd916c00a8dd769b34ba58f6d512600a6fdfad39507f80
waxflow-wma-tests/generated/v1-32000-1ch.wma	python3 scripts/waxflow-wma-corpus.py {src} {corpus}	CC0-1.0	6c36af04af39ed69a122911c004701b954558efe98f16bc2d6a1536be051432f
waxflow-wma-tests/generated/v1-32000-2ch.wma	python3 scripts/waxflow-wma-corpus.py {src} {corpus}	CC0-1.0	a59e478a305fc49466cdad824dbf40d7842a36f66185934975b93b1eadf9341d
waxflow-wma-tests/generated/v1-44100-1ch.wma	python3 scripts/waxflow-wma-corpus.py {src} {corpus}	CC0-1.0	ed23c2d65fe621f66c8ee1f3156f7e9e06139c45b6d498a61e813105f430d92f
waxflow-wma-tests/generated/v1-44100-2ch.wma	python3 scripts/waxflow-wma-corpus.py {src} {corpus}	CC0-1.0	5c502c241c3f53eb4103a4c368eb9c495b112eebe47e0ea36f303f667aab2480
waxflow-wma-tests/generated/v1-48000-1ch.wma	python3 scripts/waxflow-wma-corpus.py {src} {corpus}	CC0-1.0	d0571c685c076843855163e2d6cd9cc7cd2065ef39ae18e4ba51382ac9b1e9e6
waxflow-wma-tests/generated/v1-48000-2ch.wma	python3 scripts/waxflow-wma-corpus.py {src} {corpus}	CC0-1.0	689da015bea0ed21806bfa388dbe00864aea18f47d9595060a8269cd33860f07
waxflow-wma-tests/generated/v1-8000-1ch.wma	python3 scripts/waxflow-wma-corpus.py {src} {corpus}	CC0-1.0	fbbd69281803506fec426d19110acdbad6d657eb103035fee9dce23518cf2617
waxflow-wma-tests/generated/v1-8000-2ch.wma	python3 scripts/waxflow-wma-corpus.py {src} {corpus}	CC0-1.0	3ff6ad34f1a06d354fcc4d38e5d54318696bcfd4d8895996e04821806937a1ee
waxflow-wma-tests/generated/v2-16000-1ch.wma	python3 scripts/waxflow-wma-corpus.py {src} {corpus}	CC0-1.0	6336e84cb57d25aa1539488e3c98ea70fc2a408a4541ba200c93854a49f05c26
waxflow-wma-tests/generated/v2-16000-2ch.wma	python3 scripts/waxflow-wma-corpus.py {src} {corpus}	CC0-1.0	e9de833552ad10e16995f70ecdf56c7754a983469acad8012cf71a3fd566edcf
waxflow-wma-tests/generated/v2-22050-1ch.wma	python3 scripts/waxflow-wma-corpus.py {src} {corpus}	CC0-1.0	6a3b8f08e7f7488cb0f031197febfa5117b3d393d174a75bebc8262d588b5c2f
waxflow-wma-tests/generated/v2-22050-2ch.wma	python3 scripts/waxflow-wma-corpus.py {src} {corpus}	CC0-1.0	fb2eb6b169c03956181cc293cf6f56b75e911150ad553f95aba13d43e72592ce
waxflow-wma-tests/generated/v2-32000-1ch.wma	python3 scripts/waxflow-wma-corpus.py {src} {corpus}	CC0-1.0	7057bed46adccd6f7ea1b1b117cfd16b7d37934c4ed2c24acb0596f2fec4dc30
waxflow-wma-tests/generated/v2-32000-2ch.wma	python3 scripts/waxflow-wma-corpus.py {src} {corpus}	CC0-1.0	53eff3d1c2bf0cd5e2df137e6faea5469cab5ff9e4c7c70ee7a7b0a0ec593810
waxflow-wma-tests/generated/v2-44100-1ch.wma	python3 scripts/waxflow-wma-corpus.py {src} {corpus}	CC0-1.0	dbe49496f2b5934219e3f4457b0a74cca511a4763a4a1c425031ab5757a13cf7
waxflow-wma-tests/generated/v2-44100-2ch.wma	python3 scripts/waxflow-wma-corpus.py {src} {corpus}	CC0-1.0	43bf0c9933cf1c4d6ac09dabd012222794dc7c1e00ae349d14b4b650c6e54d62
waxflow-wma-tests/generated/v2-48000-1ch.wma	python3 scripts/waxflow-wma-corpus.py {src} {corpus}	CC0-1.0	cf6beda7722d8e384a64a62f75613da5f9f5de32d83b92b457dda824ad979e53
waxflow-wma-tests/generated/v2-48000-2ch.wma	python3 scripts/waxflow-wma-corpus.py {src} {corpus}	CC0-1.0	98a852125ec6198218d7ce07838af87fdaf148dd599235e4e2836db7d3c5b9d7
waxflow-wma-tests/generated/v2-8000-1ch.wma	python3 scripts/waxflow-wma-corpus.py {src} {corpus}	CC0-1.0	513f2857a3df6d328b53d826964e261b4378e67c555ac749c2451e602b468473
waxflow-wma-tests/generated/v2-8000-2ch.wma	python3 scripts/waxflow-wma-corpus.py {src} {corpus}	CC0-1.0	92c9f073ae8d44f415c45a2ec44d4f3a8890be0d8798c2ee54bcc6e2c4673d4a
waxflow-wma-tests/refused/channels-3.wma	python3 scripts/waxflow-wma-corpus.py {src} {corpus}	MIT	74352f90c91ac3b05d0d888fe1e6bf7369af51b8fddf99c1bbe034ec3a9052b8
waxflow-wma-tests/refused/encrypted-stream.wma	python3 scripts/waxflow-wma-corpus.py {src} {corpus}	MIT	4000b81da753da1c55fa11051f4ce7cbb9ccc1c0c0443899035c90dc03e96455
waxflow-wma-tests/refused/pcm-tag.wma	python3 scripts/waxflow-wma-corpus.py {src} {corpus}	MIT	22ac6667fc2db81047b2b6e775ed6fd10b4ddf9f0ffcd4e8acbe9b2f4b1ee7b2
waxflow-wma-tests/refused/rate-96000.wma	python3 scripts/waxflow-wma-corpus.py {src} {corpus}	MIT	45fb1aaf398392dd8e98d2782fa8b7c7445b8a02eb0e52da5ec5727e4c01ee91
waxflow-wma-tests/refused/v1-stereo-reservoir.wma	python3 scripts/waxflow-wma-corpus.py {src} {corpus}	MIT	d36b5d0697979da413c7ef1be13f771f0d91e679a2676d17c6daf08317047185
waxflow-wma-tests/refused/v1-variable-blocks.wma	python3 scripts/waxflow-wma-corpus.py {src} {corpus}	MIT	f4082aea928dbd5e687a0d9fa9116bdd1397d81726cebca360876ba128f7dc3b
waxflow-wma-tests/refused/variable-packet-size.wma	python3 scripts/waxflow-wma-corpus.py {src} {corpus}	MIT	1dfb5c432512d2291196a21d9fcffbffc5d099d626dadd49eb6ad9cd4f0f807d
