path	generator	sha256
corpus/waxflow-aiff-tests/generated/FL32-offset-tail.aifc	python3 scripts/waxflow-aiff-corpus.py {owned}/corpus	c1bcbe88332b6fff674d85a52d21427f454c642c06f03b30ef9b630d109d70c1
corpus/waxflow-aiff-tests/generated/alaw-stereo.aifc	python3 scripts/waxflow-aiff-corpus.py {owned}/corpus	16dbac0b6ac2a2d1a90ade27b8e574b8c4791110de052a621745b5d5c50ac7fb
corpus/waxflow-aiff-tests/generated/fl64-offset-tail.aifc	python3 scripts/waxflow-aiff-corpus.py {owned}/corpus	f2e26af091a8b1161801dbbd29ab2eebc1c9f4303beadee4b61395574317cd6a
corpus/waxflow-aiff-tests/generated/in24-offset-tail.aifc	python3 scripts/waxflow-aiff-corpus.py {owned}/corpus	47bfddda1f44407a565c9714aa9eb744b900025fa25fedbdc0a24c876ffcc7ed
corpus/waxflow-aiff-tests/generated/in32-offset-tail.aifc	python3 scripts/waxflow-aiff-corpus.py {owned}/corpus	84c022d7160eb06f61d980fdc6e8f9824e17a9f812ff8f6ca802ed6ef8222792
corpus/waxflow-aiff-tests/generated/raw-offset-tail.aifc	python3 scripts/waxflow-aiff-corpus.py {owned}/corpus	c3a66c79043d7cf717cafb42446c8e7b1a01ff65ba0e890e46cd3116f89809dc
corpus/waxflow-aiff-tests/generated/refused-channels.aifc	python3 scripts/waxflow-aiff-corpus.py {owned}/corpus	61c1fad7b7c310c9f49c6c4a1fd31c6da5dd3787ca4de94a3275c4c77df30a67
corpus/waxflow-aiff-tests/generated/refused-mace.aifc	python3 scripts/waxflow-aiff-corpus.py {owned}/corpus	2d0fb6e1e4a2db133aadd9c87dd01f8f52abaf69845c6af8cedde4d59a8135c2
corpus/waxflow-aiff-tests/generated/refused-unknown.aifc	python3 scripts/waxflow-aiff-corpus.py {owned}/corpus	604790c5bfc8cb89914483d0baacb42f257bab926f589e2fe0f0d26145393470
corpus/waxflow-aiff-tests/generated/sowt-offset-tail.aifc	python3 scripts/waxflow-aiff-corpus.py {owned}/corpus	4307592858fdcba0f997afe5be76cd2239dc7e4a819da644223f2071aef9a319
corpus/waxflow-aiff-tests/generated/twos-offset-tail.aifc	python3 scripts/waxflow-aiff-corpus.py {owned}/corpus	39842f6d070419e688b9bdef200349fd57575f5360ae39c1968eff5d4f12bcc0
corpus/waxflow-aiff-tests/generated/ulaw-stereo.aifc	python3 scripts/waxflow-aiff-corpus.py {owned}/corpus	606302de6152bb81c9c38df83fe453962fd1bfa8835da412b2db963a00c25b95
corpus/waxflow-alac-tests/generated/signal-s24-1ch.m4a	python3 scripts/waxflow-expand-lossless-corpus.py {owned}/corpus {mac}	79ec287e928930c862ee6379ee1756d4150c9e7de76fa7454fa38d49b240342c
corpus/waxflow-alac-tests/generated/signal-s24-2ch.m4a	python3 scripts/waxflow-expand-lossless-corpus.py {owned}/corpus {mac}	0228d614813195a7ce0e14ecfd0bfdafdf36186c76bd81ae0be833ba48e76262
corpus/waxflow-alac-tests/generated/signal-s24-4ch.m4a	python3 scripts/waxflow-expand-lossless-corpus.py {owned}/corpus {mac}	dd7c212e1cb981c40bdde84077901cafd0b4636d52dd22e8ff48d3464593202b
corpus/waxflow-alac-tests/generated/signal-s24-6ch.m4a	python3 scripts/waxflow-expand-lossless-corpus.py {owned}/corpus {mac}	06f1d90d45f492705f05d4b6e120388a30d35f0b81537c82c89620f115d01aab
corpus/waxflow-alac-tests/generated/signal-s24-8ch.m4a	python3 scripts/waxflow-expand-lossless-corpus.py {owned}/corpus {mac}	3f630916214f2d22dfd350bde5402c0728d55d5f6051d3348e67d51d73f62797
corpus/waxflow-ape-tests/generated/legacy-3970-silence-s16-mono.ape	python3 scripts/waxflow-expand-lossless-corpus.py {owned}/corpus {mac}	c8246b99fe95574066d036b9d365069181429e224170b92900aa0a6fe509a66e
corpus/waxflow-ape-tests/generated/signal-c1000-s16-1ch.ape	python3 scripts/waxflow-expand-lossless-corpus.py {owned}/corpus {mac}	2f6b266d8149ff5321cba2b1f756f0a5e82eb3e305d96a9588614e276d4bae59
corpus/waxflow-ape-tests/generated/signal-c1000-s16-2ch.ape	python3 scripts/waxflow-expand-lossless-corpus.py {owned}/corpus {mac}	d6cb83fd3da38dc18053384c055efe0c3e5b0106ee3381de5cfd158fa3eb9b56
corpus/waxflow-ape-tests/generated/signal-c1000-s24-1ch.ape	python3 scripts/waxflow-expand-lossless-corpus.py {owned}/corpus {mac}	4bacdc56e03fb33aa70b350d01c1b9af9872d60da166ccbe25e137fe930be613
corpus/waxflow-ape-tests/generated/signal-c1000-s24-2ch.ape	python3 scripts/waxflow-expand-lossless-corpus.py {owned}/corpus {mac}	b55012e72c785ba445c30b24ed28e609ad4c840ef337c58ebb66bfdfbc7bea54
corpus/waxflow-ape-tests/generated/signal-c2000-s16-1ch.ape	python3 scripts/waxflow-expand-lossless-corpus.py {owned}/corpus {mac}	b7ec1d216cd012a62675582ec149835fd7d7396a8efe2f54867ab4bec3fa4ab8
corpus/waxflow-ape-tests/generated/signal-c2000-s16-2ch.ape	python3 scripts/waxflow-expand-lossless-corpus.py {owned}/corpus {mac}	e09570a27c9647d9d7972941af43918dd44c470fb7d6e26d77b92f84f09cf5b0
corpus/waxflow-ape-tests/generated/signal-c2000-s24-1ch.ape	python3 scripts/waxflow-expand-lossless-corpus.py {owned}/corpus {mac}	f205e76f5950e0bfba42558fedc194df28470b0c88b1f51b1f9eef87c4dd6521
corpus/waxflow-ape-tests/generated/signal-c2000-s24-2ch.ape	python3 scripts/waxflow-expand-lossless-corpus.py {owned}/corpus {mac}	98165cae28cd4e98437de831d2c83433e566b4304d61ac196825504dcea7f5c1
corpus/waxflow-ape-tests/generated/signal-c3000-s16-1ch.ape	python3 scripts/waxflow-expand-lossless-corpus.py {owned}/corpus {mac}	42b73dbd315b93422f7559a1e7b2e4835529a254a373d7465c76c587b9ba519e
corpus/waxflow-ape-tests/generated/signal-c3000-s16-2ch.ape	python3 scripts/waxflow-expand-lossless-corpus.py {owned}/corpus {mac}	e65963825abc90b1e3abb9fc3d61ecf7878337d2870f6ed506b80f2d8c4bc408
corpus/waxflow-ape-tests/generated/signal-c3000-s24-1ch.ape	python3 scripts/waxflow-expand-lossless-corpus.py {owned}/corpus {mac}	1ee0afc854039b6c099e125d066efe67727a144178dcd067eca08275af403005
corpus/waxflow-ape-tests/generated/signal-c3000-s24-2ch.ape	python3 scripts/waxflow-expand-lossless-corpus.py {owned}/corpus {mac}	aed31636b113e755cd0c15e5b69607851ddc8fa6009bd0e2c7da5dba744f014e
corpus/waxflow-ape-tests/generated/signal-c4000-s16-1ch.ape	python3 scripts/waxflow-expand-lossless-corpus.py {owned}/corpus {mac}	71571a54b7896415b747e34d60076efada8445a2b3df2278fba6e7f798e70a11
corpus/waxflow-ape-tests/generated/signal-c4000-s16-2ch.ape	python3 scripts/waxflow-expand-lossless-corpus.py {owned}/corpus {mac}	ed74686daf25641a8d166fd68dc676ebeeb2abbad474eb679ceac86e4fd61a94
corpus/waxflow-ape-tests/generated/signal-c4000-s24-1ch.ape	python3 scripts/waxflow-expand-lossless-corpus.py {owned}/corpus {mac}	b36bfb9921aa26a6f660f36afa983545d7fd877e5ed4a3f463db2768827d6b5d
corpus/waxflow-ape-tests/generated/signal-c4000-s24-2ch.ape	python3 scripts/waxflow-expand-lossless-corpus.py {owned}/corpus {mac}	1a011a54451704260b9fd532a8e587ce5d9cdda87aef64bc61554eb55932ce51
corpus/waxflow-ape-tests/generated/signal-c5000-s16-1ch.ape	python3 scripts/waxflow-expand-lossless-corpus.py {owned}/corpus {mac}	74cd6e225a199f73865e2fe2c5837d009a580f48f2ec6da68694b85da7333fb2
corpus/waxflow-ape-tests/generated/signal-c5000-s16-2ch.ape	python3 scripts/waxflow-expand-lossless-corpus.py {owned}/corpus {mac}	48ba765cf088cb69db7e1040d9640d7b37629311e8b3047c7782a44a45f9e7a5
corpus/waxflow-ape-tests/generated/signal-c5000-s24-1ch.ape	python3 scripts/waxflow-expand-lossless-corpus.py {owned}/corpus {mac}	21d8a6b875c1d6d165a84a4970bc62c842a36248b5265923a881cf2ea4962dfc
corpus/waxflow-ape-tests/generated/signal-c5000-s24-2ch.ape	python3 scripts/waxflow-expand-lossless-corpus.py {owned}/corpus {mac}	11dd645d69b601acfdc65c440cfbf74214dd880e97f46f5819958a74525de04e
corpus/waxflow-g711-tests/sine-alaw-7ch.wav	python3 scripts/waxflow-g711-corpus.py {src} {owned}/corpus	2b0f4a88892ccead81078ad1618159bbe9b36dae652f7c1f19639a4b3c0f796d
corpus/waxflow-g711-tests/sine-alaw-8ch.wav	python3 scripts/waxflow-g711-corpus.py {src} {owned}/corpus	171f399d4610a654c78d31ac294e3a4135338e5774f84d333b12e1e627a5c7e0
corpus/waxflow-g711-tests/sine-ulaw-7ch.wav	python3 scripts/waxflow-g711-corpus.py {src} {owned}/corpus	2cff4cf92ba67a4b7f609b4031f064389c1bc597118c3941fd832dfc52833bba
corpus/waxflow-g711-tests/sine-ulaw-8ch.wav	python3 scripts/waxflow-g711-corpus.py {src} {owned}/corpus	6d8f8d3b6f612a25a4f3fe72e65475bf5eacc92276749199bbed0a298851ada4
corpus/waxflow-wma-tests/generated/v1-16000-1ch.wma	python3 scripts/waxflow-wma-corpus.py {src} {owned}/corpus	49875abb753591da7859d995558917f52bb3de3968e771134e01c63fc87bc4cb
corpus/waxflow-wma-tests/generated/v1-16000-2ch.wma	python3 scripts/waxflow-wma-corpus.py {src} {owned}/corpus	572eebd30ba720fbc2bcd34357f4f13c01765a3d6bb78956d9a904a5bd590ae5
corpus/waxflow-wma-tests/generated/v1-22050-1ch.wma	python3 scripts/waxflow-wma-corpus.py {src} {owned}/corpus	d4b20723afb9357e4980ffe9ae904d9d0a516fcf46b373c33ce8f438f817983e
corpus/waxflow-wma-tests/generated/v1-22050-2ch.wma	python3 scripts/waxflow-wma-corpus.py {src} {owned}/corpus	35260680642e2c9a13cd916c00a8dd769b34ba58f6d512600a6fdfad39507f80
corpus/waxflow-wma-tests/generated/v1-32000-1ch.wma	python3 scripts/waxflow-wma-corpus.py {src} {owned}/corpus	6c36af04af39ed69a122911c004701b954558efe98f16bc2d6a1536be051432f
corpus/waxflow-wma-tests/generated/v1-32000-2ch.wma	python3 scripts/waxflow-wma-corpus.py {src} {owned}/corpus	a59e478a305fc49466cdad824dbf40d7842a36f66185934975b93b1eadf9341d
corpus/waxflow-wma-tests/generated/v1-44100-1ch.wma	python3 scripts/waxflow-wma-corpus.py {src} {owned}/corpus	ed23c2d65fe621f66c8ee1f3156f7e9e06139c45b6d498a61e813105f430d92f
corpus/waxflow-wma-tests/generated/v1-44100-2ch.wma	python3 scripts/waxflow-wma-corpus.py {src} {owned}/corpus	5c502c241c3f53eb4103a4c368eb9c495b112eebe47e0ea36f303f667aab2480
corpus/waxflow-wma-tests/generated/v1-48000-1ch.wma	python3 scripts/waxflow-wma-corpus.py {src} {owned}/corpus	d0571c685c076843855163e2d6cd9cc7cd2065ef39ae18e4ba51382ac9b1e9e6
corpus/waxflow-wma-tests/generated/v1-48000-2ch.wma	python3 scripts/waxflow-wma-corpus.py {src} {owned}/corpus	689da015bea0ed21806bfa388dbe00864aea18f47d9595060a8269cd33860f07
corpus/waxflow-wma-tests/generated/v1-8000-1ch.wma	python3 scripts/waxflow-wma-corpus.py {src} {owned}/corpus	fbbd69281803506fec426d19110acdbad6d657eb103035fee9dce23518cf2617
corpus/waxflow-wma-tests/generated/v1-8000-2ch.wma	python3 scripts/waxflow-wma-corpus.py {src} {owned}/corpus	3ff6ad34f1a06d354fcc4d38e5d54318696bcfd4d8895996e04821806937a1ee
corpus/waxflow-wma-tests/generated/v2-16000-1ch.wma	python3 scripts/waxflow-wma-corpus.py {src} {owned}/corpus	6336e84cb57d25aa1539488e3c98ea70fc2a408a4541ba200c93854a49f05c26
corpus/waxflow-wma-tests/generated/v2-16000-2ch.wma	python3 scripts/waxflow-wma-corpus.py {src} {owned}/corpus	e9de833552ad10e16995f70ecdf56c7754a983469acad8012cf71a3fd566edcf
corpus/waxflow-wma-tests/generated/v2-22050-1ch.wma	python3 scripts/waxflow-wma-corpus.py {src} {owned}/corpus	6a3b8f08e7f7488cb0f031197febfa5117b3d393d174a75bebc8262d588b5c2f
corpus/waxflow-wma-tests/generated/v2-22050-2ch.wma	python3 scripts/waxflow-wma-corpus.py {src} {owned}/corpus	fb2eb6b169c03956181cc293cf6f56b75e911150ad553f95aba13d43e72592ce
corpus/waxflow-wma-tests/generated/v2-32000-1ch.wma	python3 scripts/waxflow-wma-corpus.py {src} {owned}/corpus	7057bed46adccd6f7ea1b1b117cfd16b7d37934c4ed2c24acb0596f2fec4dc30
corpus/waxflow-wma-tests/generated/v2-32000-2ch.wma	python3 scripts/waxflow-wma-corpus.py {src} {owned}/corpus	53eff3d1c2bf0cd5e2df137e6faea5469cab5ff9e4c7c70ee7a7b0a0ec593810
corpus/waxflow-wma-tests/generated/v2-44100-1ch.wma	python3 scripts/waxflow-wma-corpus.py {src} {owned}/corpus	dbe49496f2b5934219e3f4457b0a74cca511a4763a4a1c425031ab5757a13cf7
corpus/waxflow-wma-tests/generated/v2-44100-2ch.wma	python3 scripts/waxflow-wma-corpus.py {src} {owned}/corpus	43bf0c9933cf1c4d6ac09dabd012222794dc7c1e00ae349d14b4b650c6e54d62
corpus/waxflow-wma-tests/generated/v2-48000-1ch.wma	python3 scripts/waxflow-wma-corpus.py {src} {owned}/corpus	cf6beda7722d8e384a64a62f75613da5f9f5de32d83b92b457dda824ad979e53
corpus/waxflow-wma-tests/generated/v2-48000-2ch.wma	python3 scripts/waxflow-wma-corpus.py {src} {owned}/corpus	98a852125ec6198218d7ce07838af87fdaf148dd599235e4e2836db7d3c5b9d7
corpus/waxflow-wma-tests/generated/v2-8000-1ch.wma	python3 scripts/waxflow-wma-corpus.py {src} {owned}/corpus	513f2857a3df6d328b53d826964e261b4378e67c555ac749c2451e602b468473
corpus/waxflow-wma-tests/generated/v2-8000-2ch.wma	python3 scripts/waxflow-wma-corpus.py {src} {owned}/corpus	92c9f073ae8d44f415c45a2ec44d4f3a8890be0d8798c2ee54bcc6e2c4673d4a
corpus/waxflow-wma-tests/refused/channels-3.wma	python3 scripts/waxflow-wma-corpus.py {src} {owned}/corpus	74352f90c91ac3b05d0d888fe1e6bf7369af51b8fddf99c1bbe034ec3a9052b8
corpus/waxflow-wma-tests/refused/encrypted-stream.wma	python3 scripts/waxflow-wma-corpus.py {src} {owned}/corpus	4000b81da753da1c55fa11051f4ce7cbb9ccc1c0c0443899035c90dc03e96455
corpus/waxflow-wma-tests/refused/pcm-tag.wma	python3 scripts/waxflow-wma-corpus.py {src} {owned}/corpus	22ac6667fc2db81047b2b6e775ed6fd10b4ddf9f0ffcd4e8acbe9b2f4b1ee7b2
corpus/waxflow-wma-tests/refused/rate-96000.wma	python3 scripts/waxflow-wma-corpus.py {src} {owned}/corpus	45fb1aaf398392dd8e98d2782fa8b7c7445b8a02eb0e52da5ec5727e4c01ee91
corpus/waxflow-wma-tests/refused/v1-stereo-reservoir.wma	python3 scripts/waxflow-wma-corpus.py {src} {owned}/corpus	d36b5d0697979da413c7ef1be13f771f0d91e679a2676d17c6daf08317047185
corpus/waxflow-wma-tests/refused/v1-variable-blocks.wma	python3 scripts/waxflow-wma-corpus.py {src} {owned}/corpus	f4082aea928dbd5e687a0d9fa9116bdd1397d81726cebca360876ba128f7dc3b
corpus/waxflow-wma-tests/refused/variable-packet-size.wma	python3 scripts/waxflow-wma-corpus.py {src} {owned}/corpus	1dfb5c432512d2291196a21d9fcffbffc5d099d626dadd49eb6ad9cd4f0f807d
corpus/waxflow-wmalossless-tests/refused/channels-9.wma	python3 scripts/waxflow-wmalossless-corpus.py {src} {owned}/corpus	77c9188528d0d1d03ed84a7bce6e64c5b4732b5d753c851409326b43a85ff912
corpus/waxflow-wmalossless-tests/refused/depth-32.wma	python3 scripts/waxflow-wmalossless-corpus.py {src} {owned}/corpus	3985366d12ff29e8e4a3090817b5154c01a259b662cf024c1898823701a893f5
corpus/waxflow-wmalossless-tests/refused/subframe-depth-6.wma	python3 scripts/waxflow-wmalossless-corpus.py {src} {owned}/corpus	3e9caef6025e13a657da593cd7f15f1ddab94578a99c4b518c20799cc0714d83
corpus/waxflow-wmavoice-tests/refused/channels-2.wma	python3 scripts/waxflow-wmavoice-corpus.py {src} {owned}/corpus	5fe90c3bed545d6ccefab6bb37c592b5792efa827059c9220455e51fef0987d5
corpus/waxflow-wmavoice-tests/refused/delta-pitch-7000.wma	python3 scripts/waxflow-wmavoice-corpus.py {src} {owned}/corpus	4e6be1ae32bc1f55a261cf4799afa903eb3fbd6a04bb1435bf2d8808031a2c1c
corpus/waxflow-wmavoice-tests/refused/denoise-12.wma	python3 scripts/waxflow-wmavoice-corpus.py {src} {owned}/corpus	f0e7f68eb73e72a51c4a06ef2e522ab8fddea27078d2e9164f9324c81257ef4c
corpus/waxflow-wmavoice-tests/refused/rate-24000.wma	python3 scripts/waxflow-wmavoice-corpus.py {src} {owned}/corpus	10b05b14ad244f2be604a16998fb2a9a75a00d311a9f274a16d63de22b1524f3
dsd/dsd128-1ch.dff	python3 scripts/dsd-oracle/generate.py {owned}/dsd	9252fcef66168ab05d030b8b31f5ca6686c066bebb653327f522f319c1fbec3f
dsd/dsd128-1ch.dsf	python3 scripts/dsd-oracle/generate.py {owned}/dsd	544d162ed8255d12c4bce94f0e0951cac3333484dabc186aa2d19203c11f13b4
dsd/dsd128-2ch.dff	python3 scripts/dsd-oracle/generate.py {owned}/dsd	8ab9e3293125c3a64062225d20132d20d9adda9c0322ce9cc4eb8534fa64fb4c
dsd/dsd128-2ch.dsf	python3 scripts/dsd-oracle/generate.py {owned}/dsd	950224d42296bfb0271812138a73abd2f4c56c92fedd28297f197fc8680908bd
dsd/dsd128-6ch.dff	python3 scripts/dsd-oracle/generate.py {owned}/dsd	98aedbd4fc1a9ac1135852a058369de6f516d338cab5d8f177a0855b8b8d163d
dsd/dsd128-6ch.dsf	python3 scripts/dsd-oracle/generate.py {owned}/dsd	a24e45374c6295f8afdba9b360e7ce0b77b2a19965baf67ffb4a41d10fe30eb6
dsd/dsd256-1ch.dff	python3 scripts/dsd-oracle/generate.py {owned}/dsd	c32ec17444dbfd5a7ae60300d741935ad73e9e1d68a67a6245e9c77f72847127
dsd/dsd256-1ch.dsf	python3 scripts/dsd-oracle/generate.py {owned}/dsd	4f4382072d92c963d1fa8b08ecafb9bb92c8751cdc047c29157c1ed15f070d38
dsd/dsd256-2ch.dff	python3 scripts/dsd-oracle/generate.py {owned}/dsd	cbb6ab2b3b04bea6be28454ae1d720094fcf16f271209bc0bc0ec4dbc2c144db
dsd/dsd256-2ch.dsf	python3 scripts/dsd-oracle/generate.py {owned}/dsd	aaf62b917602d987a70a65d5107bc14e7a089d95a43d87f1e76f4fa7c889d7d0
dsd/dsd256-6ch.dff	python3 scripts/dsd-oracle/generate.py {owned}/dsd	3ae9cc4c82dee18ec8614d120417b45c106c6e486dbb32e13094ee5c3344de20
dsd/dsd256-6ch.dsf	python3 scripts/dsd-oracle/generate.py {owned}/dsd	5ec34b8ca2401cf5e4fc184381a93cd1faa2454f23a72105ec8c050927be2258
dsd/dsd64-1ch.dff	python3 scripts/dsd-oracle/generate.py {owned}/dsd	b1f5a06f386afc67f189acc481f1fc4c0a6aa2d7a586f3537a679bcd70d38926
dsd/dsd64-1ch.dsf	python3 scripts/dsd-oracle/generate.py {owned}/dsd	30d81357bd4b4ce06d24cfbda4d3b42a9ce7010841957f93218c5b7454a576bc
dsd/dsd64-2ch.dff	python3 scripts/dsd-oracle/generate.py {owned}/dsd	7bfa6e81682b36ead263a9222874157489346c1283d114ffae6e35efbca4022e
dsd/dsd64-2ch.dsf	python3 scripts/dsd-oracle/generate.py {owned}/dsd	5af34a7df1e0147b22ddb5d0ed4629a9c43217c6c012842cd7b7ec2633a64041
dsd/dsd64-6ch.dff	python3 scripts/dsd-oracle/generate.py {owned}/dsd	47fac1d4c5f26b48c407784717f5050416733f2a62ca5000c8b1aa3835c3a611
dsd/dsd64-6ch.dsf	python3 scripts/dsd-oracle/generate.py {owned}/dsd	57b08739d007baca76bbd31e784dc9e7c51fae6ccfc35d1e0faef5b8c5aa64a6
dsd/dsd64-msb-partial-bits.dsf	python3 scripts/dsd-oracle/generate.py {owned}/dsd	be14854f6f5a3a1a476485d889ba9cb1cf01e36fccac186e11d97ce74235809b
dsd/dst-compressed.dff	python3 scripts/dsd-oracle/generate.py {owned}/dsd	76b1e2850eacc39353c40a464eb264429c627d7247c8f5be269f656f3b63ad98
wavpack/extended-max-width.json	python3 codecs/tools/generate-max-width.py	ad800422b0d29b7348e3753235df9c7423cdf2383c06fa25b0d936dd6c53fa58
wavpack/extended-max-width.wv	python3 codecs/tools/generate-max-width.py	beaa5b0ebefb76affc84fef127e4723c5f09d2b1b28cbe6a22907b3958ee4bc5
wavpack/generated/3ch-mask7-b3-c.wv	python3 scripts/wavpack-oracle.py --generate; wavpack -q -y --threads=1 --blocksize=512 -b3 -c --cross-decorr {signals}/3ch.wav -o {vectors}/3ch-mask7-b3-c.wv	f06a66f8d9b1600b4f8c6983b3e30c337a344face3bfc102a4da15325fb9baac
wavpack/generated/3ch-mask7-b3-c.wvc	python3 scripts/wavpack-oracle.py --generate; wavpack -q -y --threads=1 --blocksize=512 -b3 -c --cross-decorr {signals}/3ch.wav -o {vectors}/3ch-mask7-b3-c.wv	4fe953a5373e6f7ef91ed1497ac9881482fd6abb5e5959e490bdc58c08d93d50
wavpack/generated/3ch-mask7.wv	python3 scripts/wavpack-oracle.py --generate; wavpack -q -y --threads=1 --blocksize=512 {signals}/3ch.wav -o {vectors}/3ch-mask7.wv	711b4a62b79d06abbbba7da5c0b7a89962f9e0043f2a68f46bba3ff8cc408ec3
wavpack/generated/6ch-float-mask3f.wv	python3 scripts/wavpack-oracle.py --generate; wavpack -q -y --threads=1 --blocksize=512 {signals}/6ch-float.wav -o {vectors}/6ch-float-mask3f.wv	075fe913b72c9d295ad374daa7009efc35798a6f8762b295c8816b33f8bd805a
wavpack/generated/6ch-mask3f-b3-c.wv	python3 scripts/wavpack-oracle.py --generate; wavpack -q -y --threads=1 --blocksize=512 -b3 -c --cross-decorr {signals}/6ch.wav -o {vectors}/6ch-mask3f-b3-c.wv	3da3b57a9f6a83aca4fd00d025d9663d87fd97c5a9be826ed0e00a711b29fc17
wavpack/generated/6ch-mask3f-b3-c.wvc	python3 scripts/wavpack-oracle.py --generate; wavpack -q -y --threads=1 --blocksize=512 -b3 -c --cross-decorr {signals}/6ch.wav -o {vectors}/6ch-mask3f-b3-c.wv	f96e3c6a47ff4a7cb885e279a3c511f10bdd78d32bd09f56ba80165e4529b9b2
wavpack/generated/6ch-mask3f.wv	python3 scripts/wavpack-oracle.py --generate; wavpack -q -y --threads=1 --blocksize=512 {signals}/6ch.wav -o {vectors}/6ch-mask3f.wv	faf64167c1758f51ea4e680ab8e42dc278c370644bdee765a86973b5a0aa418e
wavpack/generated/8ch-mask63f-b3-c.wv	python3 scripts/wavpack-oracle.py --generate; wavpack -q -y --threads=1 --blocksize=512 -b3 -c --cross-decorr {signals}/8ch.wav -o {vectors}/8ch-mask63f-b3-c.wv	bd35c8f2193526051fe052bbfd0278b86655d5ae52ba506804bfff8c1e1f626f
wavpack/generated/8ch-mask63f-b3-c.wvc	python3 scripts/wavpack-oracle.py --generate; wavpack -q -y --threads=1 --blocksize=512 -b3 -c --cross-decorr {signals}/8ch.wav -o {vectors}/8ch-mask63f-b3-c.wv	ada24edeac33241bc2a7a5ab6a46aaadfa76366e3e576e48ea7ab7f907f02758
wavpack/generated/8ch-mask63f.wv	python3 scripts/wavpack-oracle.py --generate; wavpack -q -y --threads=1 --blocksize=512 {signals}/8ch.wav -o {vectors}/8ch-mask63f.wv	c061f6df7078fded2f8b7209e19aefb97e734b6524969f3ad112fdbc62e23bb2
wavpack/generated/dsd-1ch-high.wv	python3 scripts/wavpack-oracle.py --generate; wavpack -q -y --threads=1 --blocksize=511 -h {signals}/owned-1ch.dsf -o {vectors}/dsd-1ch-high.wv	1cf471c7948ad338016c2b33e55db3c25f7ad4add5345fadf7f6482392d74738
wavpack/generated/dsd-1ch.wv	python3 scripts/wavpack-oracle.py --generate; wavpack -q -y --threads=1 --blocksize=511 {signals}/owned-1ch.dsf -o {vectors}/dsd-1ch.wv	0ec18f415052eb49d7ca2956ea7f0368313dd1734aa6d59cf7f5a8c470794a4c
wavpack/generated/dsd-6ch-high.wv	python3 scripts/wavpack-oracle.py --generate; wavpack -q -y --threads=1 --blocksize=511 -h {signals}/owned-6ch.dsf -o {vectors}/dsd-6ch-high.wv	4484903653775263700c934bc9ad756c210cd10e14938b32547e2ec79ecf1a0c
wavpack/generated/dsd-6ch.wv	python3 scripts/wavpack-oracle.py --generate; wavpack -q -y --threads=1 --blocksize=511 {signals}/owned-6ch.dsf -o {vectors}/dsd-6ch.wv	5f93c2ade12e365d880ac3ab660067153cba4c4c34861eb971d95502bbfe6fc9
wavpack/generated/dsd-dff-high.wv	python3 scripts/wavpack-oracle.py --generate; wavpack -q -y --threads=1 --blocksize=511 -h {signals}/owned.dff -o {vectors}/dsd-dff-high.wv	c2948570c508f816b927069141aa16b002643bd198fc27e3759dded6441463ad
wavpack/generated/dsd-dff.wv	python3 scripts/wavpack-oracle.py --generate; wavpack -q -y --threads=1 --blocksize=511 {signals}/owned.dff -o {vectors}/dsd-dff.wv	1cffa55f6b871f601e79c2a7959288a94a76d5bfd780955e7bb11f4a43473d8f
wavpack/generated/dsd-dsf-high.wv	python3 scripts/wavpack-oracle.py --generate; wavpack -q -y --threads=1 --blocksize=511 -h {signals}/owned.dsf -o {vectors}/dsd-dsf-high.wv	8085997c87a80931345269205e15333515397b4d149ae98fdae4e38b16c92233
wavpack/generated/dsd-dsf.wv	python3 scripts/wavpack-oracle.py --generate; wavpack -q -y --threads=1 --blocksize=511 {signals}/owned.dsf -o {vectors}/dsd-dsf.wv	706408a80090d67b68d24a397cb4f45c1a0ee4b51f520434ac522df070eb1024
wavpack/generated/dsd-noise.wv	python3 scripts/wavpack-oracle.py --generate; wavpack -q -y --threads=1 --blocksize=511 {signals}/owned-dsd-noise.dff -o {vectors}/dsd-noise.wv	b0135afb4e2c8501251347fb08774231f51a9cadf4207b6ac696d0655dcd838c
wavpack/generated/dsd-silence.wv	python3 scripts/wavpack-oracle.py --generate; wavpack -q -y --threads=1 --blocksize=511 {signals}/owned-dsd-silence.dff -o {vectors}/dsd-silence.wv	7848a617481d27d98d4ee4d2a74b0166c6af21040b0be036c91c5b55349ab7cc
wavpack/generated/dsd128-high.wv	python3 scripts/wavpack-oracle.py --generate; wavpack -q -y --threads=1 -h --blocksize=511 {signals}/owned-dsd128.dsf -o {vectors}/dsd128-high.wv	eee19f8f452b89353d107f293e2bb73f2a98c6140803c23b44b3581e03bebbd0
wavpack/generated/dsd256-high.wv	python3 scripts/wavpack-oracle.py --generate; wavpack -q -y --threads=1 -h --blocksize=511 {signals}/owned-dsd256.dsf -o {vectors}/dsd256-high.wv	f9409153dc158f32a8efdc35c4da609f6bcace2988936f7e6ec2281e670353fe
wavpack/generated/float32-b6-c.wv	python3 scripts/wavpack-oracle.py --generate; wavpack -q -y --threads=1 --blocksize=512 -b6 -c --raw-pcm=44100,32f,2 {signals}/float.raw -o {vectors}/float32-b6-c.wv	171994f5bf0cb52060974757a2aca5dbf57ca73524af6561c7b5a5a0c358b807
wavpack/generated/float32-b6-c.wvc	python3 scripts/wavpack-oracle.py --generate; wavpack -q -y --threads=1 --blocksize=512 -b6 -c --raw-pcm=44100,32f,2 {signals}/float.raw -o {vectors}/float32-b6-c.wv	b9592eea62a027e5cd3ca7636794e9934c74f84a1d5469243d5fa856bfab684d
wavpack/generated/float32-b6.wv	python3 scripts/wavpack-oracle.py --generate; wavpack -q -y --threads=1 --blocksize=512 -b6 --raw-pcm=44100,32f,2 {signals}/float.raw -o {vectors}/float32-b6.wv	b3bc96fc309d1595afe68be50e74dee0a0ca16b76cd93dcd130daa9ded21fd18
wavpack/generated/float32.wv	python3 scripts/wavpack-oracle.py --generate; wavpack -q -y --threads=1 --blocksize=512 --raw-pcm=44100,32f,2 {signals}/float.raw -o {vectors}/float32.wv	7505d1e720b5489c3182d6a8b7a0f3cf937b542a3214fa651977e113ea0ed450
wavpack/generated/inputs/3ch.wav	python3 scripts/wavpack-oracle.py --generate; -	68802dc2eb9075aa0a2ecf05df1ae4f089a91ddda9e1ff91fb933573e887fc8f
wavpack/generated/inputs/6ch-float.wav	python3 scripts/wavpack-oracle.py --generate; -	3c5848eda8290913c459b0542a5ab67572b6a4b11bdd7614781872247847b6f3
wavpack/generated/inputs/6ch.wav	python3 scripts/wavpack-oracle.py --generate; -	d49efb23e2908639ac0003da0976ee8b10164e5dc1f57eed0773516164843808
wavpack/generated/inputs/8ch.wav	python3 scripts/wavpack-oracle.py --generate; -	2768c0c6698ea9e9b8c2e12fde961e412991d3ec3d3da1533f042ba49d0e3cf6
wavpack/generated/inputs/float.raw	python3 scripts/wavpack-oracle.py --generate; -	202e24485aca125167446bc96c99c9d404a64444be0bd1a5d15e86aa03e59ba2
wavpack/generated/inputs/noise.raw	python3 scripts/wavpack-oracle.py --generate; -	64c35565e159f7eb1111052e04f89275f2dec023d52928064f04094845d7ef6a
wavpack/generated/inputs/owned-1ch.dsf	python3 scripts/wavpack-oracle.py --generate; -	ab57eea2372adc48ed02427c0fd29a4772b874be0100473d6a302d378b5992f7
wavpack/generated/inputs/owned-6ch.dsf	python3 scripts/wavpack-oracle.py --generate; -	ded32e083ffa13f55193c1f24be871c0b50bad260a9731d02d6b0f8489a00760
wavpack/generated/inputs/owned-dsd-noise.dff	python3 scripts/wavpack-oracle.py --generate; -	9921a52741a6958af1932f5613a7b2526534e5ad90fc7f93133078edb55f8dd1
wavpack/generated/inputs/owned-dsd-silence.dff	python3 scripts/wavpack-oracle.py --generate; -	0689b50fd00ef092029acfb56fdbe46040352b86f10fe21ce03197313afd3555
wavpack/generated/inputs/owned-dsd128.dsf	python3 scripts/wavpack-oracle.py --generate; -	dbce965b98814054eff88a4b066a2ec0d24989daf0248a82bdc87a9f05194035
wavpack/generated/inputs/owned-dsd256.dsf	python3 scripts/wavpack-oracle.py --generate; -	08f0404b3eb0b412ba1a0ffda262977f9eaa61ccb99461c2ee0064757576d458
wavpack/generated/inputs/owned.dff	python3 scripts/wavpack-oracle.py --generate; -	56c3c21152cff815d705aa168e3f472c0241fc1f8c20d1d9367eeba5f21b1dd7
wavpack/generated/inputs/owned.dsf	python3 scripts/wavpack-oracle.py --generate; -	a8fde22b8107df5703b40b3be2f2c5021f4f83026fdb63fdcc763c923668342c
wavpack/generated/inputs/silence.raw	python3 scripts/wavpack-oracle.py --generate; -	4fe7b59af6de3b665b67788cc2f99892ab827efae3a467342b3bb4e3bc8e5bfe
wavpack/generated/inputs/sine.raw	python3 scripts/wavpack-oracle.py --generate; -	76a6b9fb2d93a6051ae44155e054af445a23bfe074530e05c0643a866b3a1236
wavpack/generated/inputs/sweep.raw	python3 scripts/wavpack-oracle.py --generate; -	a2ccb55f0d903433678147e5c66f87141fdf0b7434dcc839b796fe58937a9ec5
wavpack/generated/noise-b2-c.wv	python3 scripts/wavpack-oracle.py --generate; wavpack -q -y --threads=1 --blocksize=512 -b2 -c --raw-pcm=44100,16,2 {signals}/noise.raw -o {vectors}/noise-b2-c.wv	44101a586b01944a6e4cbbe4de6c113751a4b41a3a25316d36aa103189585c2b
wavpack/generated/noise-b2-c.wvc	python3 scripts/wavpack-oracle.py --generate; wavpack -q -y --threads=1 --blocksize=512 -b2 -c --raw-pcm=44100,16,2 {signals}/noise.raw -o {vectors}/noise-b2-c.wv	7502d50a143c4bc3bdf986bb7ef8cec8002868fd19ec4c4765e08212e4cd3e1f
wavpack/generated/noise-b2.wv	python3 scripts/wavpack-oracle.py --generate; wavpack -q -y --threads=1 --blocksize=512 -b2 --raw-pcm=44100,16,2 {signals}/noise.raw -o {vectors}/noise-b2.wv	4ad09aa3fe78a1c063e9ccb4a3ff84fb0084da01d9c45cd1bb192feea1abc5fa
wavpack/generated/noise-b3.5-c.wv	python3 scripts/wavpack-oracle.py --generate; wavpack -q -y --threads=1 --blocksize=512 -b3.5 -c --raw-pcm=44100,16,2 {signals}/noise.raw -o {vectors}/noise-b3.5-c.wv	00b038c8f2c5b4ea75fe3059ae39a4162bed780ddc68725dcd83beaa84a42fd5
wavpack/generated/noise-b3.5-c.wvc	python3 scripts/wavpack-oracle.py --generate; wavpack -q -y --threads=1 --blocksize=512 -b3.5 -c --raw-pcm=44100,16,2 {signals}/noise.raw -o {vectors}/noise-b3.5-c.wv	512477bcb793e59209a783032a00f11a6ce07ed3c0a213ebe0762f0893ff19f7
wavpack/generated/noise-b3.5.wv	python3 scripts/wavpack-oracle.py --generate; wavpack -q -y --threads=1 --blocksize=512 -b3.5 --raw-pcm=44100,16,2 {signals}/noise.raw -o {vectors}/noise-b3.5.wv	c726b307a9b63999799ef5d86c3c33a0947b9dc868eb758f835db6732abf4816
wavpack/generated/noise-b6-c.wv	python3 scripts/wavpack-oracle.py --generate; wavpack -q -y --threads=1 --blocksize=512 -b6 -c --raw-pcm=44100,16,2 {signals}/noise.raw -o {vectors}/noise-b6-c.wv	8e3dfbf8992853990766aa1a390b9487b8249fce066391ae9710dfc855ee796b
wavpack/generated/noise-b6-c.wvc	python3 scripts/wavpack-oracle.py --generate; wavpack -q -y --threads=1 --blocksize=512 -b6 -c --raw-pcm=44100,16,2 {signals}/noise.raw -o {vectors}/noise-b6-c.wv	85ca21aa3bd2bf445bcd45d433e7cc0eb53422cb7ed127cc5be5617f58ce0cd8
wavpack/generated/noise-b6.wv	python3 scripts/wavpack-oracle.py --generate; wavpack -q -y --threads=1 --blocksize=512 -b6 --raw-pcm=44100,16,2 {signals}/noise.raw -o {vectors}/noise-b6.wv	13c15e4f4bddbaef50a1db34dfe15313bceef2beb88b48467576df184acdf85c
wavpack/generated/silence-b2-c.wv	python3 scripts/wavpack-oracle.py --generate; wavpack -q -y --threads=1 --blocksize=512 -b2 -c --raw-pcm=44100,16,2 {signals}/silence.raw -o {vectors}/silence-b2-c.wv	81e6f65a3800ddf29d27bd796a7bf659bb2b6969d434f3707ae940be0fc844e0
wavpack/generated/silence-b2-c.wvc	python3 scripts/wavpack-oracle.py --generate; wavpack -q -y --threads=1 --blocksize=512 -b2 -c --raw-pcm=44100,16,2 {signals}/silence.raw -o {vectors}/silence-b2-c.wv	43845aa3751f39f69dd3817f7b7546b99beb5ccefaa02d390c0be8d1335ff9de
wavpack/generated/silence-b2.wv	python3 scripts/wavpack-oracle.py --generate; wavpack -q -y --threads=1 --blocksize=512 -b2 --raw-pcm=44100,16,2 {signals}/silence.raw -o {vectors}/silence-b2.wv	f9bdd4bf390dd3d46d40d78adb65c4be1acf54f3a46b6ec0e73271ae10f8df74
wavpack/generated/silence-b3.5-c.wv	python3 scripts/wavpack-oracle.py --generate; wavpack -q -y --threads=1 --blocksize=512 -b3.5 -c --raw-pcm=44100,16,2 {signals}/silence.raw -o {vectors}/silence-b3.5-c.wv	f004ed6a9a8ed40d9fd4283b18a494a3296b73f5103f14c3f66ba862df137819
wavpack/generated/silence-b3.5-c.wvc	python3 scripts/wavpack-oracle.py --generate; wavpack -q -y --threads=1 --blocksize=512 -b3.5 -c --raw-pcm=44100,16,2 {signals}/silence.raw -o {vectors}/silence-b3.5-c.wv	43845aa3751f39f69dd3817f7b7546b99beb5ccefaa02d390c0be8d1335ff9de
wavpack/generated/silence-b3.5.wv	python3 scripts/wavpack-oracle.py --generate; wavpack -q -y --threads=1 --blocksize=512 -b3.5 --raw-pcm=44100,16,2 {signals}/silence.raw -o {vectors}/silence-b3.5.wv	b189b8121becff63168f366beb2a375a4fd6059aedd2fd65fda86d2d32506f56
wavpack/generated/silence-b6-c.wv	python3 scripts/wavpack-oracle.py --generate; wavpack -q -y --threads=1 --blocksize=512 -b6 -c --raw-pcm=44100,16,2 {signals}/silence.raw -o {vectors}/silence-b6-c.wv	8e69fd6a4a6ce614c0faad818c066ac835c47b0be7757eeaea105d916491982d
wavpack/generated/silence-b6-c.wvc	python3 scripts/wavpack-oracle.py --generate; wavpack -q -y --threads=1 --blocksize=512 -b6 -c --raw-pcm=44100,16,2 {signals}/silence.raw -o {vectors}/silence-b6-c.wv	43845aa3751f39f69dd3817f7b7546b99beb5ccefaa02d390c0be8d1335ff9de
wavpack/generated/silence-b6.wv	python3 scripts/wavpack-oracle.py --generate; wavpack -q -y --threads=1 --blocksize=512 -b6 --raw-pcm=44100,16,2 {signals}/silence.raw -o {vectors}/silence-b6.wv	151136454d32f9e995183e9b951181728b96c2d05422bcf0b139283b3225a391
wavpack/generated/sine-b2-c.wv	python3 scripts/wavpack-oracle.py --generate; wavpack -q -y --threads=1 --blocksize=512 -b2 -c --raw-pcm=44100,16,2 {signals}/sine.raw -o {vectors}/sine-b2-c.wv	b0ddc8efef538360fc4354ce76d78e69da85403ddda9c536f710323b1ef7025b
wavpack/generated/sine-b2-c.wvc	python3 scripts/wavpack-oracle.py --generate; wavpack -q -y --threads=1 --blocksize=512 -b2 -c --raw-pcm=44100,16,2 {signals}/sine.raw -o {vectors}/sine-b2-c.wv	d479c1d7c01604242caabc2966c4fd1a0920a0924f5ae0b3e1d62bc417614a19
wavpack/generated/sine-b2.wv	python3 scripts/wavpack-oracle.py --generate; wavpack -q -y --threads=1 --blocksize=512 -b2 --raw-pcm=44100,16,2 {signals}/sine.raw -o {vectors}/sine-b2.wv	10cc48595d282311d86145ccd4b4dac13234d3a222f61ddb9b0e30d3f1ba9222
wavpack/generated/sine-b3.5-c.wv	python3 scripts/wavpack-oracle.py --generate; wavpack -q -y --threads=1 --blocksize=512 -b3.5 -c --raw-pcm=44100,16,2 {signals}/sine.raw -o {vectors}/sine-b3.5-c.wv	547e1d3795a87fc68b70859c178205ace80b7fc1828998b3ccf8925efbce579a
wavpack/generated/sine-b3.5-c.wvc	python3 scripts/wavpack-oracle.py --generate; wavpack -q -y --threads=1 --blocksize=512 -b3.5 -c --raw-pcm=44100,16,2 {signals}/sine.raw -o {vectors}/sine-b3.5-c.wv	c6652a6f8ed4ed3f2a4c7c1c97cd3e718d2515dbe99bb084ab8d1312fd872f2b
wavpack/generated/sine-b3.5.wv	python3 scripts/wavpack-oracle.py --generate; wavpack -q -y --threads=1 --blocksize=512 -b3.5 --raw-pcm=44100,16,2 {signals}/sine.raw -o {vectors}/sine-b3.5.wv	8074758c25b83596b89546bfb9fb49bc39e1afe554c8b03d0961d8aa49624d70
wavpack/generated/sine-b6-c.wv	python3 scripts/wavpack-oracle.py --generate; wavpack -q -y --threads=1 --blocksize=512 -b6 -c --raw-pcm=44100,16,2 {signals}/sine.raw -o {vectors}/sine-b6-c.wv	8dcf954dd61b31f3d8961ea1a02b26a34346cbcf97a3a5bf3c7d8b4908508c5a
wavpack/generated/sine-b6-c.wvc	python3 scripts/wavpack-oracle.py --generate; wavpack -q -y --threads=1 --blocksize=512 -b6 -c --raw-pcm=44100,16,2 {signals}/sine.raw -o {vectors}/sine-b6-c.wv	b2249896b2935f3dcf6b6431b24c82ac8c475023ec019765ab7fb998d193d389
wavpack/generated/sine-b6.wv	python3 scripts/wavpack-oracle.py --generate; wavpack -q -y --threads=1 --blocksize=512 -b6 --raw-pcm=44100,16,2 {signals}/sine.raw -o {vectors}/sine-b6.wv	113c37d68eec6b09fec435c669cc51cfcb4afe5209b7d34daf2e7bab617cecbd
wavpack/generated/sweep-b2-c.wv	python3 scripts/wavpack-oracle.py --generate; wavpack -q -y --threads=1 --blocksize=512 -b2 -c --raw-pcm=44100,16,2 {signals}/sweep.raw -o {vectors}/sweep-b2-c.wv	7abfd97a80d2b7573df44996a826f4dc1b3065e5e14fb8f00ae353dc7fa9c1f1
wavpack/generated/sweep-b2-c.wvc	python3 scripts/wavpack-oracle.py --generate; wavpack -q -y --threads=1 --blocksize=512 -b2 -c --raw-pcm=44100,16,2 {signals}/sweep.raw -o {vectors}/sweep-b2-c.wv	4711a1e329a078c3f34f54620dc3a68acd565305e5bb72dc96da0d4618af63bd
wavpack/generated/sweep-b2.wv	python3 scripts/wavpack-oracle.py --generate; wavpack -q -y --threads=1 --blocksize=512 -b2 --raw-pcm=44100,16,2 {signals}/sweep.raw -o {vectors}/sweep-b2.wv	cfa3ffece4500eb090ff4cc0c5469e2d536545225f0368ed3332e796ce92696f
wavpack/generated/sweep-b3.5-c.wv	python3 scripts/wavpack-oracle.py --generate; wavpack -q -y --threads=1 --blocksize=512 -b3.5 -c --raw-pcm=44100,16,2 {signals}/sweep.raw -o {vectors}/sweep-b3.5-c.wv	90e47fc8de07a895a8954a17c1f3fca41ebe40288051110b7da5f67417a9f9d5
wavpack/generated/sweep-b3.5-c.wvc	python3 scripts/wavpack-oracle.py --generate; wavpack -q -y --threads=1 --blocksize=512 -b3.5 -c --raw-pcm=44100,16,2 {signals}/sweep.raw -o {vectors}/sweep-b3.5-c.wv	e393fb1061db48c6fb2b77895319c08c1ad7e44e8668b21a2ed5eeac8b852cb9
wavpack/generated/sweep-b3.5.wv	python3 scripts/wavpack-oracle.py --generate; wavpack -q -y --threads=1 --blocksize=512 -b3.5 --raw-pcm=44100,16,2 {signals}/sweep.raw -o {vectors}/sweep-b3.5.wv	f928ef95050cf8a943b0585a80b1721bb962221f21389dbdd8511eab0e33f6bc
wavpack/generated/sweep-b6-c.wv	python3 scripts/wavpack-oracle.py --generate; wavpack -q -y --threads=1 --blocksize=512 -b6 -c --raw-pcm=44100,16,2 {signals}/sweep.raw -o {vectors}/sweep-b6-c.wv	af1a1589c0cf4bc5bccd1d7b0e90e1e2e65afed81ae588549f96cfac3aea9337
wavpack/generated/sweep-b6-c.wvc	python3 scripts/wavpack-oracle.py --generate; wavpack -q -y --threads=1 --blocksize=512 -b6 -c --raw-pcm=44100,16,2 {signals}/sweep.raw -o {vectors}/sweep-b6-c.wv	685594fa315b7ff64c7d09dec7df6ec2d4580cecd4a719f107560ae450490b5e
wavpack/generated/sweep-b6.wv	python3 scripts/wavpack-oracle.py --generate; wavpack -q -y --threads=1 --blocksize=512 -b6 --raw-pcm=44100,16,2 {signals}/sweep.raw -o {vectors}/sweep-b6.wv	c5f0803b5e4976b18cad73894ad18539355f290bf0bf1a9928b1a8dbabd06f23
wavpack/signals/3ch.wav	python3 scripts/wavpack-oracle.py --generate	68802dc2eb9075aa0a2ecf05df1ae4f089a91ddda9e1ff91fb933573e887fc8f
wavpack/signals/6ch-float.wav	python3 scripts/wavpack-oracle.py --generate	3c5848eda8290913c459b0542a5ab67572b6a4b11bdd7614781872247847b6f3
wavpack/signals/6ch.wav	python3 scripts/wavpack-oracle.py --generate	d49efb23e2908639ac0003da0976ee8b10164e5dc1f57eed0773516164843808
wavpack/signals/8ch.wav	python3 scripts/wavpack-oracle.py --generate	2768c0c6698ea9e9b8c2e12fde961e412991d3ec3d3da1533f042ba49d0e3cf6
wavpack/signals/float.raw	python3 scripts/wavpack-oracle.py --generate	202e24485aca125167446bc96c99c9d404a64444be0bd1a5d15e86aa03e59ba2
wavpack/signals/noise.raw	python3 scripts/wavpack-oracle.py --generate	64c35565e159f7eb1111052e04f89275f2dec023d52928064f04094845d7ef6a
wavpack/signals/owned-1ch.dsf	python3 scripts/wavpack-oracle.py --generate	ab57eea2372adc48ed02427c0fd29a4772b874be0100473d6a302d378b5992f7
wavpack/signals/owned-6ch.dsf	python3 scripts/wavpack-oracle.py --generate	ded32e083ffa13f55193c1f24be871c0b50bad260a9731d02d6b0f8489a00760
wavpack/signals/owned-dsd-noise.dff	python3 scripts/wavpack-oracle.py --generate	9921a52741a6958af1932f5613a7b2526534e5ad90fc7f93133078edb55f8dd1
wavpack/signals/owned-dsd-silence.dff	python3 scripts/wavpack-oracle.py --generate	0689b50fd00ef092029acfb56fdbe46040352b86f10fe21ce03197313afd3555
wavpack/signals/owned-dsd128.dsf	python3 scripts/wavpack-oracle.py --generate	dbce965b98814054eff88a4b066a2ec0d24989daf0248a82bdc87a9f05194035
wavpack/signals/owned-dsd256.dsf	python3 scripts/wavpack-oracle.py --generate	08f0404b3eb0b412ba1a0ffda262977f9eaa61ccb99461c2ee0064757576d458
wavpack/signals/owned.dff	python3 scripts/wavpack-oracle.py --generate	56c3c21152cff815d705aa168e3f472c0241fc1f8c20d1d9367eeba5f21b1dd7
wavpack/signals/owned.dsf	python3 scripts/wavpack-oracle.py --generate	a8fde22b8107df5703b40b3be2f2c5021f4f83026fdb63fdcc763c923668342c
wavpack/signals/silence.raw	python3 scripts/wavpack-oracle.py --generate	4fe7b59af6de3b665b67788cc2f99892ab827efae3a467342b3bb4e3bc8e5bfe
wavpack/signals/sine.raw	python3 scripts/wavpack-oracle.py --generate	76a6b9fb2d93a6051ae44155e054af445a23bfe074530e05c0643a866b3a1236
wavpack/signals/sweep.raw	python3 scripts/wavpack-oracle.py --generate	a2ccb55f0d903433678147e5c66f87141fdf0b7434dcc839b796fe58937a9ec5
