file	before_rtf	after_rtf	after_over_before	before_allocated_bytes	after_allocated_bytes
wavpack-test-suite-2.0/test_suite/bit_depths/12bit.wv	0.011408	0.011192	0.9811	0	0
wavpack-test-suite-2.0/test_suite/bit_depths/16bit.wv	0.010607	0.010347	0.9755	0	0
wavpack-test-suite-2.0/test_suite/bit_depths/20bit.wv	0.010618	0.010439	0.9831	0	0
wavpack-test-suite-2.0/test_suite/bit_depths/24bit.wv	0.013011	0.012808	0.9844	0	0
wavpack-test-suite-2.0/test_suite/bit_depths/32bit_int.wv	0.015825	0.015666	0.9900	0	0
wavpack-test-suite-2.0/test_suite/bit_depths/8bit.wv	0.011766	0.011693	0.9938	0	0
wavpack-test-suite-2.0/test_suite/corruption/bad_checksums.wv	0.010856	0.010573	0.9739	0	0
wavpack-test-suite-2.0/test_suite/legacy/vers-40.wv	0.014974	0.014704	0.9820	0	0
wavpack-test-suite-2.0/test_suite/legacy/vers-480.wv	0.011176	0.010741	0.9611	0	0
wavpack-test-suite-2.0/test_suite/num_channels/mono-1.wv	0.003626	0.003650	1.0066	0	0
wavpack-test-suite-2.0/test_suite/num_channels/stereo-2.wv	0.007208	0.007329	1.0168	0	0
wavpack-test-suite-2.0/test_suite/special_cases/custom_srate.wv	0.006084	0.006120	1.0059	0	0
wavpack-test-suite-2.0/test_suite/special_cases/redundant_bits.wv	0.007689	0.007800	1.0144	0	0
wavpack-test-suite-2.0/test_suite/special_cases/stereo_mixing.wv	0.007033	0.007023	0.9986	0	0
wavpack-test-suite-2.0/test_suite/speed_modes/default.wv	0.007147	0.007342	1.0273	0	0
wavpack-test-suite-2.0/test_suite/speed_modes/fast.wv	0.005302	0.005471	1.0319	0	0
wavpack-test-suite-2.0/test_suite/speed_modes/high.wv	0.010453	0.010436	0.9984	0	0
wavpack-test-suite-2.0/test_suite/speed_modes/vhigh.wv	0.014418	0.014378	0.9972	0	0
waxflow-testdata/noise-s16.wv	0.007531	0.007604	1.0097	0	0
waxflow-testdata/sine-s16.wv	0.003732	0.003555	0.9526	0	0
