dsd_rate	metric	value_db
2822400	negative_fullscale_gain	0.0
2822400	positive_fullscale_gain	0.0
2822400	silence_rms_dbfs	-111.17618590396289
2822400	ultrasonic_silence_dbfs	-196.95058829206806
5644800	negative_fullscale_gain	0.0
5644800	positive_fullscale_gain	0.0
5644800	silence_rms_dbfs	-118.4067001748089
5644800	ultrasonic_silence_dbfs	-180.4840594548687
11289600	negative_fullscale_gain	0.0
11289600	positive_fullscale_gain	0.0
11289600	silence_rms_dbfs	-184.42725498689055
11289600	ultrasonic_silence_dbfs	-287.0923277672362
2822400	fullscale_35280Hz_square_output_dbfs	-144.86980192641388
2822400	fullscale_44100Hz_square_output_dbfs	-151.55604076082574
5644800	fullscale_35280Hz_square_output_dbfs	-144.8714765069973
5644800	fullscale_88200Hz_square_output_dbfs	-6000.0
11289600	fullscale_35280Hz_square_output_dbfs	-144.87189558338724
11289600	fullscale_88200Hz_square_output_dbfs	-6000.0
2822400	passband_max_abs	2.5173020256721753E-6
2822400	stopband_max	-137.24888037796518
2822400	stopband_with_table_rounding_bound	-129.54328899172228
5644800	passband_max_abs	2.9335299556304465E-6
5644800	stopband_max	-137.20130720600127
5644800	stopband_with_table_rounding_bound	-129.98297473871372
11289600	passband_max_abs	3.1288520284990776E-6
11289600	stopband_max	-137.20422492125803
11289600	stopband_with_table_rounding_bound	-130.6882259385391
2822400	1k_gain	-4.94822751751072E-7
2822400	1k_thdn_full_output_band	-100.35769249430996
2822400	1k_thdn_20Hz_20kHz	-117.43209019647898
2822400	ultrasonic_sine_dbfs	-166.92802149617012
2822400	generated_20Hz_gain	-1.0163655666582908E-8
2822400	generated_10000Hz_gain	-4.63072383883358E-7
2822400	generated_20000Hz_gain	2.352529154857723E-4
5644800	1k_gain	-4.92192536864677E-7
5644800	1k_thdn_full_output_band	-110.46693204142639
5644800	1k_thdn_20Hz_20kHz	-126.94830016958642
5644800	ultrasonic_sine_dbfs	-163.8992453624283
5644800	generated_20Hz_gain	-2.104474590936879E-8
5644800	generated_10000Hz_gain	-5.704954256669251E-7
5644800	generated_20000Hz_gain	3.098255588312965E-4
11289600	1k_gain	-5.549828701969213E-7
11289600	1k_thdn_full_output_band	-114.6533157985599
11289600	1k_thdn_20Hz_20kHz	-130.23648343689842
11289600	ultrasonic_sine_dbfs	-163.8082995603074
11289600	generated_20Hz_gain	3.551652189246736E-8
11289600	generated_10000Hz_gain	-5.594325300668441E-7
11289600	generated_20000Hz_gain	3.43334091840212E-4
2822400	flick_0_15k_aligned_difference	-66.79558212697283
2822400	ours_0_15k_vs_analytic	-134.57414739040752
2822400	flick_0_15k_vs_analytic	-66.79556186682893
2822400	flick_0_15k_vs_own_filter	-111.11502873589644
5644800	flick_0_15k_aligned_difference	-70.33354940930012
5644800	ours_0_15k_vs_analytic	-144.58906274622058
5644800	flick_0_15k_vs_analytic	-70.33347207180283
5644800	flick_0_15k_vs_own_filter	-132.21223720113753
11289600	flick_0_15k_aligned_difference	-28.544328232254088
11289600	ours_0_15k_vs_analytic	-150.09053822389913
11289600	flick_0_15k_vs_analytic	-28.54432697178997
11289600	flick_0_15k_vs_own_filter	-142.97315469662348
