path	input_path	generator	signal	encoder_command	license	sha256
sine-b2.wv		python3 scripts/wavpack-oracle.py --generate	sine	wavpack -q -y --threads=1 --blocksize=512 -b2 --raw-pcm=44100,16,2 {signals}/sine.raw -o {vectors}/sine-b2.wv	CC0-1.0	10cc48595d282311d86145ccd4b4dac13234d3a222f61ddb9b0e30d3f1ba9222
sine-b2-c.wv		python3 scripts/wavpack-oracle.py --generate	sine	wavpack -q -y --threads=1 --blocksize=512 -b2 -c --raw-pcm=44100,16,2 {signals}/sine.raw -o {vectors}/sine-b2-c.wv	CC0-1.0	b0ddc8efef538360fc4354ce76d78e69da85403ddda9c536f710323b1ef7025b
sine-b2-c.wvc		python3 scripts/wavpack-oracle.py --generate	sine	wavpack -q -y --threads=1 --blocksize=512 -b2 -c --raw-pcm=44100,16,2 {signals}/sine.raw -o {vectors}/sine-b2-c.wv	CC0-1.0	d479c1d7c01604242caabc2966c4fd1a0920a0924f5ae0b3e1d62bc417614a19
sine-b3.5.wv		python3 scripts/wavpack-oracle.py --generate	sine	wavpack -q -y --threads=1 --blocksize=512 -b3.5 --raw-pcm=44100,16,2 {signals}/sine.raw -o {vectors}/sine-b3.5.wv	CC0-1.0	8074758c25b83596b89546bfb9fb49bc39e1afe554c8b03d0961d8aa49624d70
sine-b3.5-c.wv		python3 scripts/wavpack-oracle.py --generate	sine	wavpack -q -y --threads=1 --blocksize=512 -b3.5 -c --raw-pcm=44100,16,2 {signals}/sine.raw -o {vectors}/sine-b3.5-c.wv	CC0-1.0	547e1d3795a87fc68b70859c178205ace80b7fc1828998b3ccf8925efbce579a
sine-b3.5-c.wvc		python3 scripts/wavpack-oracle.py --generate	sine	wavpack -q -y --threads=1 --blocksize=512 -b3.5 -c --raw-pcm=44100,16,2 {signals}/sine.raw -o {vectors}/sine-b3.5-c.wv	CC0-1.0	c6652a6f8ed4ed3f2a4c7c1c97cd3e718d2515dbe99bb084ab8d1312fd872f2b
sine-b6.wv		python3 scripts/wavpack-oracle.py --generate	sine	wavpack -q -y --threads=1 --blocksize=512 -b6 --raw-pcm=44100,16,2 {signals}/sine.raw -o {vectors}/sine-b6.wv	CC0-1.0	113c37d68eec6b09fec435c669cc51cfcb4afe5209b7d34daf2e7bab617cecbd
sine-b6-c.wv		python3 scripts/wavpack-oracle.py --generate	sine	wavpack -q -y --threads=1 --blocksize=512 -b6 -c --raw-pcm=44100,16,2 {signals}/sine.raw -o {vectors}/sine-b6-c.wv	CC0-1.0	8dcf954dd61b31f3d8961ea1a02b26a34346cbcf97a3a5bf3c7d8b4908508c5a
sine-b6-c.wvc		python3 scripts/wavpack-oracle.py --generate	sine	wavpack -q -y --threads=1 --blocksize=512 -b6 -c --raw-pcm=44100,16,2 {signals}/sine.raw -o {vectors}/sine-b6-c.wv	CC0-1.0	b2249896b2935f3dcf6b6431b24c82ac8c475023ec019765ab7fb998d193d389
sweep-b2.wv		python3 scripts/wavpack-oracle.py --generate	sweep	wavpack -q -y --threads=1 --blocksize=512 -b2 --raw-pcm=44100,16,2 {signals}/sweep.raw -o {vectors}/sweep-b2.wv	CC0-1.0	cfa3ffece4500eb090ff4cc0c5469e2d536545225f0368ed3332e796ce92696f
sweep-b2-c.wv		python3 scripts/wavpack-oracle.py --generate	sweep	wavpack -q -y --threads=1 --blocksize=512 -b2 -c --raw-pcm=44100,16,2 {signals}/sweep.raw -o {vectors}/sweep-b2-c.wv	CC0-1.0	7abfd97a80d2b7573df44996a826f4dc1b3065e5e14fb8f00ae353dc7fa9c1f1
sweep-b2-c.wvc		python3 scripts/wavpack-oracle.py --generate	sweep	wavpack -q -y --threads=1 --blocksize=512 -b2 -c --raw-pcm=44100,16,2 {signals}/sweep.raw -o {vectors}/sweep-b2-c.wv	CC0-1.0	4711a1e329a078c3f34f54620dc3a68acd565305e5bb72dc96da0d4618af63bd
sweep-b3.5.wv		python3 scripts/wavpack-oracle.py --generate	sweep	wavpack -q -y --threads=1 --blocksize=512 -b3.5 --raw-pcm=44100,16,2 {signals}/sweep.raw -o {vectors}/sweep-b3.5.wv	CC0-1.0	f928ef95050cf8a943b0585a80b1721bb962221f21389dbdd8511eab0e33f6bc
sweep-b3.5-c.wv		python3 scripts/wavpack-oracle.py --generate	sweep	wavpack -q -y --threads=1 --blocksize=512 -b3.5 -c --raw-pcm=44100,16,2 {signals}/sweep.raw -o {vectors}/sweep-b3.5-c.wv	CC0-1.0	90e47fc8de07a895a8954a17c1f3fca41ebe40288051110b7da5f67417a9f9d5
sweep-b3.5-c.wvc		python3 scripts/wavpack-oracle.py --generate	sweep	wavpack -q -y --threads=1 --blocksize=512 -b3.5 -c --raw-pcm=44100,16,2 {signals}/sweep.raw -o {vectors}/sweep-b3.5-c.wv	CC0-1.0	e393fb1061db48c6fb2b77895319c08c1ad7e44e8668b21a2ed5eeac8b852cb9
sweep-b6.wv		python3 scripts/wavpack-oracle.py --generate	sweep	wavpack -q -y --threads=1 --blocksize=512 -b6 --raw-pcm=44100,16,2 {signals}/sweep.raw -o {vectors}/sweep-b6.wv	CC0-1.0	c5f0803b5e4976b18cad73894ad18539355f290bf0bf1a9928b1a8dbabd06f23
sweep-b6-c.wv		python3 scripts/wavpack-oracle.py --generate	sweep	wavpack -q -y --threads=1 --blocksize=512 -b6 -c --raw-pcm=44100,16,2 {signals}/sweep.raw -o {vectors}/sweep-b6-c.wv	CC0-1.0	af1a1589c0cf4bc5bccd1d7b0e90e1e2e65afed81ae588549f96cfac3aea9337
sweep-b6-c.wvc		python3 scripts/wavpack-oracle.py --generate	sweep	wavpack -q -y --threads=1 --blocksize=512 -b6 -c --raw-pcm=44100,16,2 {signals}/sweep.raw -o {vectors}/sweep-b6-c.wv	CC0-1.0	685594fa315b7ff64c7d09dec7df6ec2d4580cecd4a719f107560ae450490b5e
noise-b2.wv		python3 scripts/wavpack-oracle.py --generate	noise	wavpack -q -y --threads=1 --blocksize=512 -b2 --raw-pcm=44100,16,2 {signals}/noise.raw -o {vectors}/noise-b2.wv	CC0-1.0	4ad09aa3fe78a1c063e9ccb4a3ff84fb0084da01d9c45cd1bb192feea1abc5fa
noise-b2-c.wv		python3 scripts/wavpack-oracle.py --generate	noise	wavpack -q -y --threads=1 --blocksize=512 -b2 -c --raw-pcm=44100,16,2 {signals}/noise.raw -o {vectors}/noise-b2-c.wv	CC0-1.0	44101a586b01944a6e4cbbe4de6c113751a4b41a3a25316d36aa103189585c2b
noise-b2-c.wvc		python3 scripts/wavpack-oracle.py --generate	noise	wavpack -q -y --threads=1 --blocksize=512 -b2 -c --raw-pcm=44100,16,2 {signals}/noise.raw -o {vectors}/noise-b2-c.wv	CC0-1.0	7502d50a143c4bc3bdf986bb7ef8cec8002868fd19ec4c4765e08212e4cd3e1f
noise-b3.5.wv		python3 scripts/wavpack-oracle.py --generate	noise	wavpack -q -y --threads=1 --blocksize=512 -b3.5 --raw-pcm=44100,16,2 {signals}/noise.raw -o {vectors}/noise-b3.5.wv	CC0-1.0	c726b307a9b63999799ef5d86c3c33a0947b9dc868eb758f835db6732abf4816
noise-b3.5-c.wv		python3 scripts/wavpack-oracle.py --generate	noise	wavpack -q -y --threads=1 --blocksize=512 -b3.5 -c --raw-pcm=44100,16,2 {signals}/noise.raw -o {vectors}/noise-b3.5-c.wv	CC0-1.0	00b038c8f2c5b4ea75fe3059ae39a4162bed780ddc68725dcd83beaa84a42fd5
noise-b3.5-c.wvc		python3 scripts/wavpack-oracle.py --generate	noise	wavpack -q -y --threads=1 --blocksize=512 -b3.5 -c --raw-pcm=44100,16,2 {signals}/noise.raw -o {vectors}/noise-b3.5-c.wv	CC0-1.0	512477bcb793e59209a783032a00f11a6ce07ed3c0a213ebe0762f0893ff19f7
noise-b6.wv		python3 scripts/wavpack-oracle.py --generate	noise	wavpack -q -y --threads=1 --blocksize=512 -b6 --raw-pcm=44100,16,2 {signals}/noise.raw -o {vectors}/noise-b6.wv	CC0-1.0	13c15e4f4bddbaef50a1db34dfe15313bceef2beb88b48467576df184acdf85c
noise-b6-c.wv		python3 scripts/wavpack-oracle.py --generate	noise	wavpack -q -y --threads=1 --blocksize=512 -b6 -c --raw-pcm=44100,16,2 {signals}/noise.raw -o {vectors}/noise-b6-c.wv	CC0-1.0	8e3dfbf8992853990766aa1a390b9487b8249fce066391ae9710dfc855ee796b
noise-b6-c.wvc		python3 scripts/wavpack-oracle.py --generate	noise	wavpack -q -y --threads=1 --blocksize=512 -b6 -c --raw-pcm=44100,16,2 {signals}/noise.raw -o {vectors}/noise-b6-c.wv	CC0-1.0	85ca21aa3bd2bf445bcd45d433e7cc0eb53422cb7ed127cc5be5617f58ce0cd8
silence-b2.wv		python3 scripts/wavpack-oracle.py --generate	silence	wavpack -q -y --threads=1 --blocksize=512 -b2 --raw-pcm=44100,16,2 {signals}/silence.raw -o {vectors}/silence-b2.wv	CC0-1.0	f9bdd4bf390dd3d46d40d78adb65c4be1acf54f3a46b6ec0e73271ae10f8df74
silence-b2-c.wv		python3 scripts/wavpack-oracle.py --generate	silence	wavpack -q -y --threads=1 --blocksize=512 -b2 -c --raw-pcm=44100,16,2 {signals}/silence.raw -o {vectors}/silence-b2-c.wv	CC0-1.0	81e6f65a3800ddf29d27bd796a7bf659bb2b6969d434f3707ae940be0fc844e0
silence-b2-c.wvc		python3 scripts/wavpack-oracle.py --generate	silence	wavpack -q -y --threads=1 --blocksize=512 -b2 -c --raw-pcm=44100,16,2 {signals}/silence.raw -o {vectors}/silence-b2-c.wv	CC0-1.0	43845aa3751f39f69dd3817f7b7546b99beb5ccefaa02d390c0be8d1335ff9de
silence-b3.5.wv		python3 scripts/wavpack-oracle.py --generate	silence	wavpack -q -y --threads=1 --blocksize=512 -b3.5 --raw-pcm=44100,16,2 {signals}/silence.raw -o {vectors}/silence-b3.5.wv	CC0-1.0	b189b8121becff63168f366beb2a375a4fd6059aedd2fd65fda86d2d32506f56
silence-b3.5-c.wv		python3 scripts/wavpack-oracle.py --generate	silence	wavpack -q -y --threads=1 --blocksize=512 -b3.5 -c --raw-pcm=44100,16,2 {signals}/silence.raw -o {vectors}/silence-b3.5-c.wv	CC0-1.0	f004ed6a9a8ed40d9fd4283b18a494a3296b73f5103f14c3f66ba862df137819
silence-b3.5-c.wvc		python3 scripts/wavpack-oracle.py --generate	silence	wavpack -q -y --threads=1 --blocksize=512 -b3.5 -c --raw-pcm=44100,16,2 {signals}/silence.raw -o {vectors}/silence-b3.5-c.wv	CC0-1.0	43845aa3751f39f69dd3817f7b7546b99beb5ccefaa02d390c0be8d1335ff9de
silence-b6.wv		python3 scripts/wavpack-oracle.py --generate	silence	wavpack -q -y --threads=1 --blocksize=512 -b6 --raw-pcm=44100,16,2 {signals}/silence.raw -o {vectors}/silence-b6.wv	CC0-1.0	151136454d32f9e995183e9b951181728b96c2d05422bcf0b139283b3225a391
silence-b6-c.wv		python3 scripts/wavpack-oracle.py --generate	silence	wavpack -q -y --threads=1 --blocksize=512 -b6 -c --raw-pcm=44100,16,2 {signals}/silence.raw -o {vectors}/silence-b6-c.wv	CC0-1.0	8e69fd6a4a6ce614c0faad818c066ac835c47b0be7757eeaea105d916491982d
silence-b6-c.wvc		python3 scripts/wavpack-oracle.py --generate	silence	wavpack -q -y --threads=1 --blocksize=512 -b6 -c --raw-pcm=44100,16,2 {signals}/silence.raw -o {vectors}/silence-b6-c.wv	CC0-1.0	43845aa3751f39f69dd3817f7b7546b99beb5ccefaa02d390c0be8d1335ff9de
float32.wv		python3 scripts/wavpack-oracle.py --generate	sine + signed zero/subnormals/infinity/NaN payloads	wavpack -q -y --threads=1 --blocksize=512 --raw-pcm=44100,32f,2 {signals}/float.raw -o {vectors}/float32.wv	CC0-1.0	7505d1e720b5489c3182d6a8b7a0f3cf937b542a3214fa651977e113ea0ed450
float32-b6.wv		python3 scripts/wavpack-oracle.py --generate	sine + signed zero/subnormals/infinity/NaN payloads	wavpack -q -y --threads=1 --blocksize=512 -b6 --raw-pcm=44100,32f,2 {signals}/float.raw -o {vectors}/float32-b6.wv	CC0-1.0	b3bc96fc309d1595afe68be50e74dee0a0ca16b76cd93dcd130daa9ded21fd18
float32-b6-c.wv		python3 scripts/wavpack-oracle.py --generate	sine + signed zero/subnormals/infinity/NaN payloads	wavpack -q -y --threads=1 --blocksize=512 -b6 -c --raw-pcm=44100,32f,2 {signals}/float.raw -o {vectors}/float32-b6-c.wv	CC0-1.0	171994f5bf0cb52060974757a2aca5dbf57ca73524af6561c7b5a5a0c358b807
float32-b6-c.wvc		python3 scripts/wavpack-oracle.py --generate	sine + signed zero/subnormals/infinity/NaN payloads	wavpack -q -y --threads=1 --blocksize=512 -b6 -c --raw-pcm=44100,32f,2 {signals}/float.raw -o {vectors}/float32-b6-c.wv	CC0-1.0	b9592eea62a027e5cd3ca7636794e9934c74f84a1d5469243d5fa856bfab684d
3ch-mask7.wv		python3 scripts/wavpack-oracle.py --generate	3 independent sines; channel mask 0x7	wavpack -q -y --threads=1 --blocksize=512 {signals}/3ch.wav -o {vectors}/3ch-mask7.wv	CC0-1.0	711b4a62b79d06abbbba7da5c0b7a89962f9e0043f2a68f46bba3ff8cc408ec3
3ch-mask7-b3-c.wv		python3 scripts/wavpack-oracle.py --generate	3 independent sines; channel mask 0x7	wavpack -q -y --threads=1 --blocksize=512 -b3 -c --cross-decorr {signals}/3ch.wav -o {vectors}/3ch-mask7-b3-c.wv	CC0-1.0	f06a66f8d9b1600b4f8c6983b3e30c337a344face3bfc102a4da15325fb9baac
3ch-mask7-b3-c.wvc		python3 scripts/wavpack-oracle.py --generate	3 independent sines; channel mask 0x7	wavpack -q -y --threads=1 --blocksize=512 -b3 -c --cross-decorr {signals}/3ch.wav -o {vectors}/3ch-mask7-b3-c.wv	CC0-1.0	4fe953a5373e6f7ef91ed1497ac9881482fd6abb5e5959e490bdc58c08d93d50
6ch-mask3f.wv		python3 scripts/wavpack-oracle.py --generate	6 independent sines; channel mask 0x3f	wavpack -q -y --threads=1 --blocksize=512 {signals}/6ch.wav -o {vectors}/6ch-mask3f.wv	CC0-1.0	faf64167c1758f51ea4e680ab8e42dc278c370644bdee765a86973b5a0aa418e
6ch-mask3f-b3-c.wv		python3 scripts/wavpack-oracle.py --generate	6 independent sines; channel mask 0x3f	wavpack -q -y --threads=1 --blocksize=512 -b3 -c --cross-decorr {signals}/6ch.wav -o {vectors}/6ch-mask3f-b3-c.wv	CC0-1.0	3da3b57a9f6a83aca4fd00d025d9663d87fd97c5a9be826ed0e00a711b29fc17
6ch-mask3f-b3-c.wvc		python3 scripts/wavpack-oracle.py --generate	6 independent sines; channel mask 0x3f	wavpack -q -y --threads=1 --blocksize=512 -b3 -c --cross-decorr {signals}/6ch.wav -o {vectors}/6ch-mask3f-b3-c.wv	CC0-1.0	f96e3c6a47ff4a7cb885e279a3c511f10bdd78d32bd09f56ba80165e4529b9b2
8ch-mask63f.wv		python3 scripts/wavpack-oracle.py --generate	8 independent sines; channel mask 0x63f	wavpack -q -y --threads=1 --blocksize=512 {signals}/8ch.wav -o {vectors}/8ch-mask63f.wv	CC0-1.0	c061f6df7078fded2f8b7209e19aefb97e734b6524969f3ad112fdbc62e23bb2
8ch-mask63f-b3-c.wv		python3 scripts/wavpack-oracle.py --generate	8 independent sines; channel mask 0x63f	wavpack -q -y --threads=1 --blocksize=512 -b3 -c --cross-decorr {signals}/8ch.wav -o {vectors}/8ch-mask63f-b3-c.wv	CC0-1.0	bd35c8f2193526051fe052bbfd0278b86655d5ae52ba506804bfff8c1e1f626f
8ch-mask63f-b3-c.wvc		python3 scripts/wavpack-oracle.py --generate	8 independent sines; channel mask 0x63f	wavpack -q -y --threads=1 --blocksize=512 -b3 -c --cross-decorr {signals}/8ch.wav -o {vectors}/8ch-mask63f-b3-c.wv	CC0-1.0	ada24edeac33241bc2a7a5ab6a46aaadfa76366e3e576e48ea7ab7f907f02758
6ch-float-mask3f.wv		python3 scripts/wavpack-oracle.py --generate	6 float sines; channel mask 0x3f	wavpack -q -y --threads=1 --blocksize=512 {signals}/6ch-float.wav -o {vectors}/6ch-float-mask3f.wv	CC0-1.0	075fe913b72c9d295ad374daa7009efc35798a6f8762b295c8816b33f8bd805a
dsd-dsf.wv	inputs/owned.dsf	python3 scripts/wavpack-oracle.py --generate	scripts/dsd-oracle/generate.py signal + dsf	wavpack -q -y --threads=1 --blocksize=511 {signals}/owned.dsf -o {vectors}/dsd-dsf.wv	CC0-1.0	706408a80090d67b68d24a397cb4f45c1a0ee4b51f520434ac522df070eb1024
dsd-dsf-high.wv	inputs/owned.dsf	python3 scripts/wavpack-oracle.py --generate	scripts/dsd-oracle/generate.py signal + dsf	wavpack -q -y --threads=1 --blocksize=511 -h {signals}/owned.dsf -o {vectors}/dsd-dsf-high.wv	CC0-1.0	8085997c87a80931345269205e15333515397b4d149ae98fdae4e38b16c92233
dsd-dff.wv	inputs/owned.dff	python3 scripts/wavpack-oracle.py --generate	scripts/dsd-oracle/generate.py signal + dff	wavpack -q -y --threads=1 --blocksize=511 {signals}/owned.dff -o {vectors}/dsd-dff.wv	CC0-1.0	1cffa55f6b871f601e79c2a7959288a94a76d5bfd780955e7bb11f4a43473d8f
dsd-dff-high.wv	inputs/owned.dff	python3 scripts/wavpack-oracle.py --generate	scripts/dsd-oracle/generate.py signal + dff	wavpack -q -y --threads=1 --blocksize=511 -h {signals}/owned.dff -o {vectors}/dsd-dff-high.wv	CC0-1.0	c2948570c508f816b927069141aa16b002643bd198fc27e3759dded6441463ad
dsd-1ch.wv	inputs/owned-1ch.dsf	python3 scripts/wavpack-oracle.py --generate	scripts/dsd-oracle/generate.py signal + dsf; 1 channels	wavpack -q -y --threads=1 --blocksize=511 {signals}/owned-1ch.dsf -o {vectors}/dsd-1ch.wv	CC0-1.0	0ec18f415052eb49d7ca2956ea7f0368313dd1734aa6d59cf7f5a8c470794a4c
dsd-1ch-high.wv	inputs/owned-1ch.dsf	python3 scripts/wavpack-oracle.py --generate	scripts/dsd-oracle/generate.py signal + dsf; 1 channels	wavpack -q -y --threads=1 --blocksize=511 -h {signals}/owned-1ch.dsf -o {vectors}/dsd-1ch-high.wv	CC0-1.0	1cf471c7948ad338016c2b33e55db3c25f7ad4add5345fadf7f6482392d74738
dsd-6ch.wv	inputs/owned-6ch.dsf	python3 scripts/wavpack-oracle.py --generate	scripts/dsd-oracle/generate.py signal + dsf; 6 channels	wavpack -q -y --threads=1 --blocksize=511 {signals}/owned-6ch.dsf -o {vectors}/dsd-6ch.wv	CC0-1.0	5f93c2ade12e365d880ac3ab660067153cba4c4c34861eb971d95502bbfe6fc9
dsd-6ch-high.wv	inputs/owned-6ch.dsf	python3 scripts/wavpack-oracle.py --generate	scripts/dsd-oracle/generate.py signal + dsf; 6 channels	wavpack -q -y --threads=1 --blocksize=511 -h {signals}/owned-6ch.dsf -o {vectors}/dsd-6ch-high.wv	CC0-1.0	4484903653775263700c934bc9ad756c210cd10e14938b32547e2ec79ecf1a0c
dsd128-high.wv	inputs/owned-dsd128.dsf	python3 scripts/wavpack-oracle.py --generate	scripts/dsd-oracle/generate.py signal + dsf; DSD128	wavpack -q -y --threads=1 -h --blocksize=511 {signals}/owned-dsd128.dsf -o {vectors}/dsd128-high.wv	CC0-1.0	eee19f8f452b89353d107f293e2bb73f2a98c6140803c23b44b3581e03bebbd0
dsd256-high.wv	inputs/owned-dsd256.dsf	python3 scripts/wavpack-oracle.py --generate	scripts/dsd-oracle/generate.py signal + dsf; DSD256	wavpack -q -y --threads=1 -h --blocksize=511 {signals}/owned-dsd256.dsf -o {vectors}/dsd256-high.wv	CC0-1.0	f9409153dc158f32a8efdc35c4da609f6bcace2988936f7e6ec2281e670353fe
dsd-noise.wv	inputs/owned-dsd-noise.dff	python3 scripts/wavpack-oracle.py --generate	owned LCG bytes	wavpack -q -y --threads=1 --blocksize=511 {signals}/owned-dsd-noise.dff -o {vectors}/dsd-noise.wv	CC0-1.0	b0135afb4e2c8501251347fb08774231f51a9cadf4207b6ac696d0655dcd838c
dsd-silence.wv	inputs/owned-dsd-silence.dff	python3 scripts/wavpack-oracle.py --generate	owned 0x55 DSD silence	wavpack -q -y --threads=1 --blocksize=511 {signals}/owned-dsd-silence.dff -o {vectors}/dsd-silence.wv	CC0-1.0	7848a617481d27d98d4ee4d2a74b0166c6af21040b0be036c91c5b55349ab7cc
inputs/owned.dsf		python3 scripts/wavpack-oracle.py --generate	scripts/dsd-oracle/generate.py signal + dsf	-	CC0-1.0	a8fde22b8107df5703b40b3be2f2c5021f4f83026fdb63fdcc763c923668342c
inputs/owned.dff		python3 scripts/wavpack-oracle.py --generate	scripts/dsd-oracle/generate.py signal + dff	-	CC0-1.0	56c3c21152cff815d705aa168e3f472c0241fc1f8c20d1d9367eeba5f21b1dd7
inputs/owned-1ch.dsf		python3 scripts/wavpack-oracle.py --generate	scripts/dsd-oracle/generate.py signal + dsf; 1 channels	-	CC0-1.0	ab57eea2372adc48ed02427c0fd29a4772b874be0100473d6a302d378b5992f7
inputs/owned-6ch.dsf		python3 scripts/wavpack-oracle.py --generate	scripts/dsd-oracle/generate.py signal + dsf; 6 channels	-	CC0-1.0	ded32e083ffa13f55193c1f24be871c0b50bad260a9731d02d6b0f8489a00760
inputs/owned-dsd128.dsf		python3 scripts/wavpack-oracle.py --generate	scripts/dsd-oracle/generate.py signal + dsf; DSD128	-	CC0-1.0	dbce965b98814054eff88a4b066a2ec0d24989daf0248a82bdc87a9f05194035
inputs/owned-dsd256.dsf		python3 scripts/wavpack-oracle.py --generate	scripts/dsd-oracle/generate.py signal + dsf; DSD256	-	CC0-1.0	08f0404b3eb0b412ba1a0ffda262977f9eaa61ccb99461c2ee0064757576d458
inputs/owned-dsd-noise.dff		python3 scripts/wavpack-oracle.py --generate	owned LCG bytes	-	CC0-1.0	9921a52741a6958af1932f5613a7b2526534e5ad90fc7f93133078edb55f8dd1
inputs/owned-dsd-silence.dff		python3 scripts/wavpack-oracle.py --generate	owned 0x55 DSD silence	-	CC0-1.0	0689b50fd00ef092029acfb56fdbe46040352b86f10fe21ce03197313afd3555
